26	【ヒナタ】「おぉ、ここにおはなうめるのか」
28	「うん、ここに花が咲いてたら綺麗だろ？」
35	【コノミ】「う〜ん、キレイだね〜」
37	花畑から戻ってすぐ、山小屋前に花を植え替える作業に入った。
39	花なんて地面から栄養を吸い上げるものなんだから、あんまり地面から離しておいたら可愛そうだもんな。
46	【イバラ】「ずいぶん取ってきたんだな」
48	適当に見繕ってたくさんの種類の花を１株づつ。いくつかでも根付いてくれたら、小屋の周りも華やかになるだろう。
55	【ツキヨ】「売る、じゃないです？」
57	「上手くいくようなら売りに行くけど、植え替えられるかどうかで売り方が変わるからなー」
59	持ってってすぐ枯れました、じゃ、今後の村人との付き合いに悪い影響が出かねないし、そのあたりは慎重にいきたい。
61	つまんないことで文句言われるのは面倒だしな。
63	俺はなるべく静かに暮らしたいんだ。
65	うまく育てられるようなら、村に売りに行くのにいちいち花畑まで取りに来なくても良くなるのもいい。
67	……村を出て生計を立てようと思った割には、結局村にいる時とやってることはそう変わりない。
69	育てるものが、野菜から花になったぐらいか。
71	これで家畜でも飼い始めたら、そのまま住むところを変えただけだな。
73	人里を離れたところでひっそりと暮らすことの難しさに思いを馳せながら、俺は持ってきた花を植えていった。
87	「うん、なかなかいい感じじゃないか。さてと、片付けもすんだし休憩するか」
89	使った道具は簡単に小川で洗い、後片付けを済ませて戻ってくると、小屋の裏手でコノミとイバラがこそこそしているのが見えた。
91	……何か悪い相談でもしてるんじゃないだろうな。
93	話しかけようかとも思ったが、ふと悪戯心が湧いた。
95	そっと近付いて脅かしてやろう。
97	「……」
99	息を殺し、足音を忍ばせて、そっと死角から近付くと……。
108	【コノミ】「ニンゲンくんてすごいよね〜」
110	おっと。
112	突然聞こえてきた褒め言葉に思わず足を止める。
119	【イバラ】「どこが、別にすごくなんてない」
121	しかし、イバラの返答はすげない。
130	【コノミ】「いろんなことを知ってるところとか〜？　手先も器用だし〜かっこいいよね〜」
132	コノミは俺に対して、かなり好意的だな。
133	嬉しいような照れくさいような……。
140	【イバラ】「はぁっ？」
142	おぉっ！？　イバラのきつい返しに、コノミに褒められた喜びもすっ飛んだ。
149	【コノミ】「あれれ〜？　イバラはそうは思わない〜？」
156	【イバラ】「思わない！　ニンゲンなんてどうせ人間だし、エルフよりもずーっと劣った存在なんだ！」
159	【コノミ】「そかな〜？　植え替えとか、細工物、とか、手先も器用だし、ボクはすごいと思うけどな〜。お花の名前沢山知ってるのもすごいよね〜」
166	【イバラ】「半分ぐらいは、人間が勝手につけた名前だろ。あんなの本当の名前じゃないからどんなにたくさん知ってたってすごくない！」
173	【コノミ】「あはは〜、そんなこと言ったら、お花は自分で名乗ったわけじゃないもん。ボクらが知ってる名前も違うかも〜」
180	【イバラ】「そ、それは……エルフが付けた名前の方が正しいに決まってるだろ！」
187	【コノミ】「ほら、イバラの弓だってちょちょっと改良してくれたじゃない〜すごく器用だと思うな〜」
194	【イバラ】「ともかく！　あの程度のこと知ってたってたいしたことはないんだ！　ボクだって、知ろうと思ったら知ってたさ！」
201	【コノミ】「知ろうと思ったらか〜」
204	【イバラ】「そうだ！　それにボクはニンゲンがコノミやヒナタを懐柔しようとしてるのも気に食わない！」
211	【コノミ】「怪獣？　がお〜？」
218	【イバラ】「違う！　頭撫でたり、お茶出したりして、あいつは仲良くなってボクらの隙をうかがってるんだ！」
225	【コノミ】「イバラもしてもらってると思うけどなぁ〜」
232	【イバラ】「ボ、ボクは！　あいつの術中にはまらないように気をつけてるからいいんだ！」
239	【コノミ】「ほほぉ〜。イバラは気をつけてるんだ〜？」
242	【イバラ】「そうだ！　ニンゲンが親切だったり優しかったりするのは、きっとあいつが悪い奴だからだ！」
244	……う〜ん。すごい論理の飛躍だ。
246	俺としてはかなりイバラとも仲良くなれたつもりだったんだけど、イバラの俺＝悪説はいまだに強固なものらしい。
248	どうもイバラの主張を聞くとどこまでいっても人間とエルフは相容れない種族らしいから仕方ないけど、少し寂しい気がする。
250	もっとも、すべては人間＝悪説からきてるみたいだから、そこを訂正する気にはなれない。
252	エルフみたいな綺麗な生き物から見たら人間は、俺なんかから見るよりもずっと醜くて悪どくて愚かなんだろう。
254	それこそ、エルフが人間を見る印象は、人間たちがオークやゴブリンに対して抱く印象と変わりないのかもしれない。
256	同じ人間の俺自身だって、人間は醜いと思うことがあるんだから、エルフであるイバラにしてみたらどれほどのものに映っていることやら……。
263	【イバラ】「だいたいニンゲンが知ってることぐらい、ボクだって知ってた！　ぜんぜんすごくなんかない！」
265	……どうあっても、俺がすごくないというところに、イバラは話を落ち着けたいのか。
267	……知ろうとしたら知ってたっていうのが、もう知ってたことになっちゃってるけど。
274	【コノミ】「う〜ん、そかぁ〜。イバラは知ってたかぁ〜」
281	【イバラ】「そうだ」
283	ふん、とイバラがえらそうに胸を張る。
285	すると、コノミがイバラに手を伸ばした。
292	【コノミ】「でもさぁ〜こんなことは知らなかったよね〜？　ニンゲンくんが教えてくれたんだもんね〜？」
299	【イバラ】「ひゃっ！？」
315	コノミの手はイバラの服をめくり、イバラの幼茎を捉えていた。
318	【コノミ】「ボクもね〜、ニンゲンくんに教わって初めて知ったんだ〜。こうやって、おちんちん触ると気持ちいいんだよね〜」
320	ゆっくりとその手を上下させ、まだ萎えたままのイバラ自身を刺激している。
323	【イバラ】「や、やめろ……コノミ、やめろって、ん、ふっ……」
326	【コノミ】「あれぇ〜？　気持ちいくない〜？　ボクはこうすると気持ちいいけどなぁ〜」
328	のほほんとした口ぶりのままコノミは手を止めようともしない。
331	【イバラ】「き、気持ちいいけど……ぞくぞくするのが、やぁ……」
334	【コノミ】「やっぱりイバラも気持ちいいんだ〜。よかったぁ〜」
337	【イバラ】「よくない……や、やめろってば……こ、こんなの知らなくても良かったことだろ……」
343	【コノミ】「ボクはね〜ぞくぞくする感じも、なんか好き〜」
345	くにゅくにゅと柔らかくしおれていた小枝は拙い手技にもあっという間に屹立を見せた。
348	【コノミ】「おぉ、硬くなってきたね〜イバラのも、硬くなるんだ〜」
351	【イバラ】「あ……はぁうん！　い、やだってばぁ〜」
357	【コノミ】「ふふふ、中で芯がこりゅっこりゅっていってる〜おもしろ〜い」
359	あっという間に息を荒げ始めたイバラは、嫌だといいながらもコノミの手を振り払ったりはしなかった。
362	【コノミ】「ね〜ね〜、気持ちいい〜？　自分でしたことない〜？」
365	【イバラ】「し……したことなんて、あるわけないだろ、ニンゲンにされたことなんて、気持ちよくなかったしっ」
368	【コノミ】「そっかぁ〜、ボクはね〜すっごく気持ちよかったよ〜？　だから、イバラにもしたげるね〜」
371	【イバラ】「っふ……あ、手、早くしちゃダメ……気持ちよくなっちゃうよぉ！」
374	【コノミ】「うん。気持ちよくなってぇ〜？」
376	コノミは微笑みながら手淫を続け、イバラが呼吸を乱しているのを楽しんでいるようだったが、ふと自分の下腹部に目をやった。
379	【コノミ】「あれ〜？　イバラが気持ちよさそうにしてるの見てたら、ボクのおちんちんも硬くなっちゃった〜」
384	コノミは切なそうに腰を揺らした。
390	【コノミ】「ボクも〜気持ちいいことしたいけど〜イバラのこと、気持ちよくしたいし〜おてては２本しかないし〜」
393	【イバラ】「こ、コノミ……？」
396	【コノミ】「そだぁ〜、ボクのおちんちんはイバラがシコシコしてぇ〜？」
399	【イバラ】「ふぇ……？」
402	【コノミ】「ボクもおちんちん触って欲しいの〜触りっこしようよ〜」
404	触られる前からねだるコノミの声は甘く妖しく蕩けている。
407	【イバラ】「ぼ、ボクは、さ、触ったことないけど、い、いいのか？」
410	【コノミ】「うん。触って触って〜。ボクがしてるのとおんなじに動かせばいいよ〜」
412	イバラはおそるおそるといった感じで、コノミのおちんちんに手を伸ばした。
418	【コノミ】「ひゃあん」
421	【イバラ】「っ！？」
423	指先が触れたとたんにコノミが嬌声を上げ、イバラは慌てて手を引っ込める。
426	【イバラ】「い、痛い？　痛くしちゃった？　大丈夫？」
428	イバラは心配そうにコノミの顔を覗き込む。
431	【コノミ】「ううん、痛くないよぉ〜？　気持ちよくって声が出ちゃった〜。びっくりさせてごめんね〜？」
434	【イバラ】「そっか。それならいいんだ」
436	コノミの言葉に胸を撫で下ろしたイバラは、今度は躊躇いなくコノミのおちんちんを握った。
439	【コノミ】「そんでね、優しく握って〜皮のとこで中に入った棒を擦るみたいにするの〜」
442	【イバラ】「こ、こう……？」
444	ゆっくりとイバラが肉棒を捻るような動きを見せた。
450	【コノミ】「ぁあ〜……うん、それもいいよぉ〜。でもね、ボクはこうやって縦に動かすかなぁ〜？」
453	【イバラ】「ひゃあっ、それ、気持ちよすぎる……おしりむずむずするよぉ！」
455	ちゅこっちゅこっくちゅっくちゅっ
457	おそるおそるといった感じで続けられる緩慢な愛撫はだんだん激しさを増していく。
460	【イバラ】「はぁっ……ぁあ……はぁはぁ……」
463	【コノミ】「どう〜？　イバラ、気持ちい〜い？」
466	【イバラ】「あっ……あぁっ……なんか、きもちいいの、きた……きてる……」
469	【コノミ】「そかぁ〜、じゃ、じゃあ……すこし、きゅうけーい」
471	イバラが悲鳴のような声を上げると、コノミは動きを緩めてしまう。
474	【イバラ】「え？　えぇっ！？　なんで！？」
476	イバラは突然止んだ刺激に不満げな声を上げた。
479	【コノミ】「だってぇ〜、すぐイっちゃうより、少し我慢したほうが気持ちいいんだ〜。だから、我慢できるようにきゅうけ〜い」
482	【イバラ】「そ、そんなぁ……」
484	イバラは悶えるようにして、握ったままのコノミの手で自分のおちんちんを擦ろうと腰を揺らした。
487	【イバラ】「あ、ほらぁ……気持ちよくしてよぉ、コノミのおちんちんも気持ちよくしてあげるから」
490	【コノミ】「あぁん〜ふわぁ〜、イバラ、上手ぅ〜。さっきよりずっと、気持ちいいよぉ〜？」
493	【イバラ】「ね？　気持ちいいでしょ？　だから、もっとしてってば」
496	【コノミ】「だから、ダメだよぉ〜」
499	【イバラ】「ふわぁっ、そんな、根元きつく握っちゃダメ。苦しいってば」
501	繰り広げられている生々しい痴態に思わず俺は生唾を飲み込んだ。
505	その瞬間、突然後ろからとんと背中を叩かれ悲鳴を上げそうになる。
520	【ヒナタ】「ニンゲンさん、なにしてるの？」
523	【ツキヨ】「です？」
525	「わ、わ、しぃー！」
527	思わず、静かにさせようと唇の前で指を立てる仕草をしてみせると、ヒナタは慌てたように両手で自分の口を抑えた。
530	【ヒナタ】「むぐっ……ないしょのこと？」
537	【ツキヨ】「静かに、するです？」
539	ツキヨもわけがわからないという顔をしながら、ヒナタを倣って口を手で覆う。
542	【ヒナタ】「ニンゲンさん、なにみてたの？」
544	「わっ、ばっ……」
546	ヒナタは口を抑えたまま、ひょこっと無造作に先程まで俺が見ていた場所に顔を覗かせた。
548	慌てて引き戻しても、なんだかわかっていなさそうな顔だ。
551	【ヒナタ】「ないしょのことって、イバラとコノミがきもちいことしてること？　なんで、ないしょなの？」
553	俺を真似て声こそ忍ばせているが、案の定何も分かっていない。
555	「何ででもだよ。大きな声出したりしちゃダメだぞ」
562	【ツキヨ】「なに、です？」
564	「わっ、ツキっ……」
566	足音を忍ばせて立ち去ろうとしたら、今度はツキヨが覗いたものだから、慌ててこれも引き戻す。
569	【ツキヨ】「ふたり、何してるです？」
571	ツキヨはヒナタに輪をかけてわけがわからないという顔をしている。
578	【ヒナタ】「ヒナタしってるよ。コノミとイバラはきもちいことしてるんだよ」
581	【ツキヨ】「きもちいこと、です？」
583	「いいから。見つからないように静かにここを離れよう」
585	改めて、その場を離れようとすると、後ろから服を引っ張られた。
592	【ツキヨ】「うー……」
594	「何、ツキヨ気になるの？」
601	【ツキヨ】「はい、です」
603	こくんとツキヨが頷いてみせる。
605	いいこと考えた！　と言わんばかりにヒナタが手を上げる。
612	【ヒナタ】「みつからないようにしなきゃいけないんなら、みつからないようにみればいいんじゃないかな」
615	【ツキヨ】「はい、です」
617	「……」
619	ずっと見てた俺が言うのもなんだけどそうまでして覗くのも、気まずいものがある。
621	けれど、ふたりは俺の返事も聞かず、物陰からそっと頭を覗かせた。
628	【ヒナタ】「ふわ、ふわわぁ〜……ふたりともきもちよさそう」
631	【ツキヨ】「夢中になってる、です」
633	……あの二人はまだしごき合っているのか。
635	先程までの情景はすっかり目に焼きついていて、やはり最後まで見届けたかったという思いが頭をもたげてくる。
637	「ば、ばれないように、静かにな」
650	【コノミ】「んぅ……その、さきっちょ指でこちょこちょするの、くすぐったいけど気持ちいい〜」
653	【イバラ】「う、うわ、コノミのおちんちん、透明なぬるぬるがいっぱい出てる。掴んだだけでにゅるんにゅるんしてるよ」
656	【コノミ】「うふふ〜、そんなのイバラだって一緒だよぉ〜？　にゅこっにゅこっって音が出るぐらい濡れてるもんね〜」
659	【イバラ】「あぁっ、気持ちいい！　そんなに強くしたらおちんちんもげちゃうっ」
662	【コノミ】「もげちゃったら困るね〜？　おちんちんこんなに気持ちいいのに〜」
669	【ツキヨ】「き、気持ちよさそう、です」
676	【ヒナタ】「うん。なかよしでいいね」
679	【イバラ】「はぁっ……あぁっ……も、もう、イきたい。イこうよ、コノミぃ」
682	【コノミ】「あぁ〜、そんな、ぎゅって強くこすったら、ボクの方が先にいっちゃうよ〜」
685	【イバラ】「あぁん、腰が止まらない。コノミの手におちんちんこすりつけちゃうよ。おしりがジンジンするっ」
688	【コノミ】「ぼ、ボクもぉ……いきたくて、おしりが勝手に動く〜……イバラのおてて、気持ちいいよぉ〜……あぁっさきっちょだけふにふにされたら、もぉ〜」
690	切羽詰ったふたりは切なげな声を上げながら、あられもなく腰を振る。
692	まるで相手の手を使って自慰をしているかのようだ。
695	【コノミ】「あ、出るぅ〜精液でちゃう〜」
698	【イバラ】「ボクも、出ちゃうっ」
715	ぴゅるるるっ
722	【ヒナタ】「いっちゃった！？」
729	【ツキヨ】「はぁう……」
731	同時に達したふたりのおちんちんは、それぞれ可愛らしく震えながら白濁液を吐き出した。
733	ヒナタとツキヨも食い入るようにして、イバラとコノミの射精に見入っている。
740	【ツキヨ】「なんか、白いの、出てるです……」
747	【ヒナタ】「アレせーえきだよ！　きもちいいとでるんだよっ！」
754	【ツキヨ】「ふたりともくるしそうだけど、気持ちいいです……？」
757	【イバラ】「コノミの精液、勢いよく出てる出てるっ……すごいっ手の中で、おちんちんビクビクしてるっ」
760	【コノミ】「イバラのおちんちんもいっぱい精液出してるよぉ〜？　ね？　ギリギリまで我慢すると気持ちいいでしょ〜？」
763	【イバラ】「う、うん……気持ちよくて……おててだけでも、こんなに気持ちよくなれるなんて……」
766	【コノミ】「自分の手でも気持ちいいけど〜、他の人にしてもらうほうがずっと気持ちいいんだよ〜」
769	【イバラ】「じ、自分で……？　コノミは自分でこういうこと、するんだ？」
772	【コノミ】「うん、ニンゲンくんに教わってから、おちんちん触るの大好きになっちゃった〜」
775	【イバラ】「じ、自分でなんて……」
778	【コノミ】「自分でするのも、気持ちいいよ〜？　精液出たばっかりだと〜、気持ちよすぎて痛くなっちゃうんだけど〜、イバラも自分で触ってみて〜」
781	【イバラ】「はぁうっ、そう言いながら触ったら、またおちんちん固くなるだろ……」
784	【コノミ】「ふふ、ほんとだ〜。もう硬くなってる〜」
786	一度出しただけでは飽き足りないのか、再びイバラとコノミはお互いのものをいじり始めた。
788	夢中になっているためか、俺たちが覗いているのに気がつく様子もなかった。
807	【ツキヨ】「は、はぅ……」
809	イバラとコノミの行為に当てられたのか、ツキヨはもじもじとおしりをくねらせた。
811	ヒナタも興奮しているのか、自分の股間を抑えてもじもじしている。
814	【ヒナタ】「はぁ〜。イっちゃったね。きもちいさそうだったね」
817	【ツキヨ】「は、はいです」
824	【ヒナタ】「まだきもちいことするんなら、コノミがイバラのおしりにおちんちんいれるのかな？」
831	【ツキヨ】「お、おしりにおちんちん入れちゃうです？」
833	ツキヨはヒナタの言葉にびっくりした様子で聞き返した。
835	……あぁ、そうか。ツキヨはまだ経験がないから……って、ヒナタにも、コノミにも、イバラにも、『きもちいこと』を教えたのは俺なんだけど。
842	【ヒナタ】「あのね、おくちのなかペロペロしたり、いろんなとこはむはむしたり、おちんちんたべられたりするの、すっごいきもちいいんだよ」
849	【ツキヨ】「おちんちん、食べちゃうです？」
851	ツキヨが怯えたように後ずさる。
853	「あ、食べるっていうか、舐めるんだけど」
860	【ツキヨ】「っ！？　おちんちん怪我したです？」
862	ツキヨは驚いて聞いてくる。
864	「いや、舐めると気持ちいいんだよ」
866	……こんな説明をするのはなんか、気恥ずかしいな。
869	【ヒナタ】「ツキヨはきもちいことしたことないの？」
871	無邪気にヒナタが聞くと、ツキヨはこくんと頷いた。
878	【ヒナタ】「そかー。それじゃ、ニンゲンさんにしてもらいなよ。すっごくきもちいんだよ！　ヒナタもね、ニンゲンさんにしてもらったの！」
885	【ツキヨ】「色んなとこ舐めるです？　……きっと汚いから、してもらえなかったです」
887	ヒナタのすすめにツキヨはますますしょんぼりと肩を落としてしまう。
889	「あ、いや。ツキヨが汚いからしなかったなんてこと、ないよ。たまたまその……機会がなかったっていうか……」
896	【ツキヨ】「肌の色違う、ダークエルフ汚い、エルフのみんな言うです。だから、気にしなくていいです」
898	寂しそうにツキヨは笑う。
900	泣いたり、不平を言うのではなく、ツキヨは笑う。
902	その笑顔がかえって、今までツキヨがどれだけ悲しい思いをしてきたのかを教えてしまう。
904	「汚くなんかないよ、ツキヨはとても綺麗だし、可愛いよ。ヒナタや、コノミやイバラにも引けを取らないくらいにね」
911	【ツキヨ】「ありがとうです、そう言ってもらえるだけで、嬉しいです」
913	そう言いながら、ツキヨは肩から羽織った布で身を隠すように、自分自身を抱きしめた。
915	こうやってエルフの里ではひっそりと生きてきたのだろうか。
917	ひょっとして他のイバラやコノミがされたことを自分がされなかったということは、ツキヨを傷つけているんじゃないだろうか。
919	「あ、あの……ツキヨさえ嫌じゃなかったら、エッチなことをしてもいいかな？」
922	【ツキヨ】「え、えっちなこと、です？」
924	「あ、あぁ……気持ちいいこと。コノミやイバラみたいにおちんちん触ったり……それから、おしりにおちんちん入れたり」
931	【ヒナタ】「だいじょぶ、こわくないよ。おしりのなかでせいえきだされるの、すごくきもちいよ」
938	【ツキヨ】「やっぱり、おしりにおちんちん入れる、です？　なんか、怖いです。だから、いい、です」
940	ツキヨは、未知の体験に怖気づいて尻込みしてしまう。
947	【ヒナタ】「きもちいのいいな。ヒナタはしてほしい！」
949	ヒナタは気持ちいいことが気に入っているのか、ぴょんぴょんと手を挙げて飛び跳ねた。
956	【ヒナタ】「あ、そだ。ツキヨもヒナタといっしょにしてもらおうよ！　いっしょならこわくないでしょ？」
959	【ツキヨ】「……」
962	【ヒナタ】「ほら、ヒナタがしてもらうの、ツキヨもみて！　そしたらきっとしてもらいたくなるよ！」
964	ヒナタはそう言って、自分で足を抱えて秘部をさらけ出すようにして、草むらに横になった。
971	【ヒナタ】「ほらほら、まねっこして、ツキヨ。きっとエッチなことだいすきになっちゃうよ！」
978	【ツキヨ】「は、はうぅうううううう……」
980	ヒナタの強引な誘いに、ツキヨは抗しきれずにヒナタと互い違いになる位置で同じように膝を抱えた。
997	ヒナタとツキヨはお互いにお互いの局部がよく見えるような形で寝転んでいて、それは召し上がれとばかりに俺の前に差し出されている。
999	ヒナタの白くなめらかな肌と、ツキヨの黒く艶やかな肌が並ぶと、それぞれの裸体がますます引き立って見えた。
1002	【ヒナタ】「さ、ニンゲンさん。きもちいことしてして」
1004	「情緒もなにもあったもんじゃないな」
1006	俺は苦笑しながら、コノミとイバラの痴態を覗いていたせいか、興奮状態になっているヒナタとツキヨの可愛らしいおちんちんをちょんちょんと指先でつついた。
1013	【ヒナタ】「ひゃあんっ！」
1016	【ツキヨ】「はぅっ」
1018	少し触っただけなのに、敏感なそこはたちまちむくっと体積を増し立ち上がった。
1021	【ヒナタ】「さわってもらうと、きもちいでしょ」
1024	【ツキヨ】「き、気持ちいい、です」
1026	「じゃあ、もっとしてあげるね」
1028	左右の手でツキヨとヒナタのおちんちんをそれぞれにつまみ、くにくにと刺激を加えていく。
1030	コノミとイバラならつかみ合うこともできるが、俺の手ではツキヨとヒナタの小さなおちんちんは指先でつまむのがせいぜいだ。
1037	【ヒナタ】「はうぅうん、あうぅうう、こしゅこしゅされたらきもちいいのどんどんたまってくるぅ」
1040	【ツキヨ】「ひゃふっ……はふぁ……なんか、むずむず、するです」
1042	二人の可憐な若枝からはたちまち透明な先走りの樹液が染み出して、指の滑りをよくしてくれる。
1044	その液体を指先でぬぐい、双丘の間に潜む蕾へと塗りたくる。
1047	【ツキヨ】「ぁあっ、おしりの穴、触ってるです」
1050	【ヒナタ】「ふふっ、くすぐったいけど、このなかにもきもちいとこ、あるんだよ！」
1053	【ツキヨ】「な、中に……入れちゃうです？」
1055	「そうだよ。じゃあ、まずはヒナタの中に入れてみようか」
1058	【ヒナタ】「うん。いれていれて」
1060	ヒナタにくちづけながら、ゆっくりと指をヒナタの肛口に押し込んでいく。
1063	【ヒナタ】「んちゅっ……ちゅーうれしい、おくちペロペロするのも、きもちいよぉ……もっとぉ……んちゅぴちゅ」
1065	すでに男を知っているそこは、期待のためかすっかり柔らかくなっていて、やすやすと俺の指を受け入れた。
1067	この中でそれほど深くない腹側にあるコリコリしたしこりを刺激してやるとどうやら気持ちいいらしいというのは、これまでの経験で分かっている。
1069	俺は指を曲げて集中的にそこを嬲った。
1072	【ツキヨ】「わ、指、いっぱい中に入ってくです。おちんちんから透明な汁いっぱい出てるです。ぐにぐに動いて、痛くないです？」
1075	【ヒナタ】「あ……あぁ……いたく、なんかないよ。なか、からだじゅうびりびりして、きもちいくなっちゃうの……あ、あぁん」
1077	ヒナタを責めている間も、もちろんツキヨの方の手も休めない。
1080	【ツキヨ】「ツキヨも……おちんちんくにくにされて、ふわふわ、するです……ふわっ……体の中、ぞくぞくして……」
1082	緩めに擦って興奮状態を維持していると、ツキヨは切なそうに腰を振った。
1085	【ヒナタ】「うん、ツキヨのおちんちんもいっぱいとうめいなおつゆ、おもらししてるね。きもちいんだね」
1088	【ツキヨ】「ヒナタと、いっしょ、です」
1091	【ヒナタ】「うん、いっしょだよっ！」
1093	「じゃあ、こっちも一緒にしようね」
1096	【ツキヨ】「ふわっ……中に入れちゃうです」
1098	「ほら、お腹に力入れてごらん。そうすると、入口が広がって入りやすくなるから」
1101	【ツキヨ】「は、はい……です……ん……」
1103	ツキヨがいきむと、それまで呼吸をするように収縮していた菊蕾の入口が柔らかさを増した。
1105	本来なら排泄する動きなのだろうが、その口が開いたのを利用して、指を埋め込んでいく。
1108	【ツキヨ】「ふわぁあああ……入ってくるです」
1110	「ツキヨの中もクニュクニュしてあったかくてすごく気持ちいいよ」
1113	【ツキヨ】「中に指入れるの……気持ちいいです？」
1115	「あぁ。俺も気持ちいいんだよ」
1118	【ヒナタ】「ツキヨにも、ニンゲンさんのゆびはいっちゃった。わぁ……おしりのあなもきもちよさそうにひくひくしてるよ」
1121	【ツキヨ】「はいです。気持ちいいです。ふあっ……いま、びりぃってしたです。これ、気持ちいいです」
1124	【ヒナタ】「あ、あ、あぁん……でもね、ゆびもきもちいけどね、ニンゲンさんのおちんちんいれてもらうと、もっときもちいんだよ」
1127	【ツキヨ】「ニンゲンさんのおちんちん、です？」
1130	【ヒナタ】「うん。ゆびより、ずっとふとくておおきくって、かたいの。こいいろでヒナタたちのオチンチンとぜんぜんちがうんだよ」
1133	【ツキヨ】「もっと大きいの、おしりに入っちゃうです！？」
1136	【ヒナタ】「うん、そう……ニンゲンさんのおちんちんでおしりつっつかれると、とんでいっちゃいそうなくらいきもちいの、あたままっしろになるの」
1139	【ツキヨ】「あたま、まっしろです？」
1142	【ヒナタ】「ほら、ニンゲンさんみせたげてよ。ニンゲンさんのおちんちん」
1144	「わかったよ」
1146	愛撫を中断し下履きを下げると、すぐに勃起した肉棒が下腹を叩いた。
1148	完全に膨張したそれは血管が浮いて我ながらエグいぐらいに猛々しい。
1151	【ツキヨ】「ごく……すごく、大きいです……」
1153	ツキヨが恐れをなして息を飲む。
1156	【ツキヨ】「こんなの、入るです？　無理、です……」
1159	【ヒナタ】「そうおもうでしょっ！　でもね、はいっちゃうんだよ！　そんでね、そんでね、すっごくきもちいの」
1161	「じゃ、ヒナタがツキヨにお手本を見せてあげような」
1164	【ヒナタ】「うん！　おてほんみせるよっ！」
1170	ヒナタは嬉しそうに自分の手で双丘を割り開き、俺のものを迎え入れようとしている。引っ張られた肉穴は少し横長に皺が伸びた。
1173	【ヒナタ】「ひゃうっ、おちんちんでツンツンされるのきもちい！」
1175	先端で可愛らしい幼茎の付け根から、菊座までをゆっくりとなぞると、ヒナタは待ち遠しそうにおねだりをしてくる。
1178	【ヒナタ】「ねぇ、いれてよー。ニンゲンさんのおおきなおちんちんでヒナタのおしりずぽずぽってしてぇ」
1180	ヒナタは焦らされるのが苦手なようだ。早くとねだる言葉どおりに、可愛らしい蕾がひくひくと挿入して欲しがっている。
1182	「落ち着き無いなー。もっと雰囲気作ろうよ」
1185	【ヒナタ】「ふいんき？　なにそれ？」
1187	「どうせおねだりするなら、もっと可愛くしてってこと」
1190	【ヒナタ】「おー？　だって、ニンゲンさんにはやくきもちいこと、してほしいんだもん。だから、して？」
1192	「しょうがないな」
1194	無邪気にねだられるのもそれはそれで悪くない。
1196	ヒナタの白い肌の中でもかすかに色付いたそこに、肉茎の先端を押し当てる。
1203	【ツキヨ】「ふわぁ……ほんとに、入っちゃう、です……」
1205	呼吸に合わせて腰をすすめると、めりっと抵抗感がありつつもヒナタの中に肉棒が食い込んでいき、やがて、つるりとした亀頭部分を完全に飲み込んでしまう。
1208	【ヒナタ】「はぁん……んぅ……はいって、きたぁ……」
1211	【ツキヨ】「わわわ、先っぽ、全部、入っちゃったです」
1213	「まだだよ。これから、俺のおちんちん全部、ヒナタの中に入っちゃうんだ」
1216	【ヒナタ】「ふわぁああ……ニンゲンさんのでヒナタのなか、ひろがってるぅ……あぁ〜さっきのきもちいとこ、ずっとこすれてるぅ……」
1219	【ツキヨ】「す、すごい……おしりの穴、長くて太いおちんちんどんどん飲み込んでいくです」
1221	先ほど指でこすってやったしこりを今度は肉棒で時間をかけてこすり立ててやる。
1224	【ヒナタ】「あぁんっ……はぁん、はぁっ……はぁ……すっごいきもちいよぉ……」
1227	【ツキヨ】「すごい……気持ちよさそうな声です」
1229	ヒナタの喘ぎ声にあてられたのか、結合部を凝視しているツキヨの肉棒もすっかり臨戦態勢のままだ。
1231	肌の色と地続きのままのそこは黒っぽい色をしていたが、形のせいか大きさのせいか、使い込んだ黒さと違ってすぐにでも食べたくなるような色艶をしている。
1233	俺はヒナタとつながったまま、ツキヨの可愛らしい肉棒を口に含んだ。
1240	【ツキヨ】「はぁうっ！　食べられちゃったです！？」
1242	舌触りを確かめるように、なめらかな皮膚に舌を這わせ、余った皮と亀頭の間に舌先を差し込むようにしてじっくりと味わう。
1244	ツルツルフニフニとした幼茎はタマまでまるごと簡単に口に収まってしまう。すべすべした舌触りもつるつるした舌触りも口腔に快感をもたらす。
1246	感触を楽しむようにジュボジュボ音を立てて舐めしゃぶると、袋の中で二つの玉が踊る様まで上あごで堪能できた。
1249	【ツキヨ】「あぁ……そんな風にされたら、おちんちん溶けちゃうです。あぁ……あぁっあっ」
1252	【ヒナタ】「やあぁんっ、ニンゲンさん、はげし、すぎるっ……あぁっそんなにがんがんおくのほうつかれちゃったら、ヒナタ、ヒナタすぐいっちゃうよォっ」
1255	【ツキヨ】「おちんちん出たり入ったりして、えっちです……クチュクチュ音がして……そんなの、聞きながらおちんちん舐められたら……」
1257	ヒナタに腰を打ち付けるのと同じくらい激しく、ツキヨの可愛らしいおちんちんを激しくしゃぶりすすった。
1259	ツキヨの肉棒からもどんどん渋い先走り汁が溢れ、俺の唾液と混ざったそれは、俺の唇の端を伝ってツキヨのおへそあたりに溜まっていった。
1261	「あー、もう。気持ちよすぎて止まんないぞ」
1264	【ヒナタ】「ヒナタ、ヒナタ、そんなにはげしくされたら、こわれちゃうよっ」
1266	「いいよ、壊れて先にイっちゃっても」
1269	【ヒナタ】「あぁんっはぁっはぁっ、おなかのなかでニンゲンさんあばれてるっ！　こんなの、こんなの、きもちいすぎるってばっ」
1271	「でも、こうして欲しかったんだろ？」
1274	【ヒナタ】「うんっ！　ニンゲンさんのおちんちんほしかったのっ」
1277	【ツキヨ】「こ、こんなおっきいの、はいんないです」
1279	「大丈夫。おしりの穴って結構広がるんだよ」
1281	垂れてしまった唾液を潤滑剤がわりに指ですくい、先程までは一本しか入らなかったツキヨの尻穴に二本の指を入れた。
1287	そしてゆっくりと丁寧にほぐしていく。
1289	伸縮性に富んだ柔らかい皮膚は、興奮も手伝って、俺のモノを受け入れられそうなくらいに柔らかくほぐれていく。
1291	「ほら、ツキヨの中にももう二本も俺の指が入っちゃってるよ。ここは広がるようにできてるから大丈夫なんだよ」
1294	【ツキヨ】「あぁっ……おしりの穴……広げられると気持ちいいです……」
1297	【ヒナタ】「あっ……あぁっ……はぁああああああんっ」
1316	どくんっびゅっびゅっ……
1318	コリコリした部分を集中的に突いたせいか、俺が達するより早く、ヒナタが達した。
1321	【ツキヨ】「す、すごいです……白いのいっぱい出たです」
1323	「そう、それが精液。気持ちいいのがてっぺんまで行くと出るんだ」
1326	【ツキヨ】「き、気持ちいいの、てっぺん……」
1328	「さ、ヒナタはイっちゃったし、今度はツキヨの番だな」
1331	【ヒナタ】「やっ……あぁっ……ぬけちゃ……」
1333	俺はヒナタの柔らかな尻穴を堪能していた肉棒を引き抜くと、体の位置を変え、今度はツキヨの尻穴に目標を定めた。
1336	【ツキヨ】「あ、あぁ……むり、です……」
1338	ツキヨは緊張のためか生贄の子羊のように震えてしまっている。
1341	【ヒナタ】「はぁっ……はぁっ……だいじょうぶ、ツキヨもきもちよくしてもらいなよ」
1347	硬さを保ったままの肉茎を今度はツキヨの中にと押し込んでいく。
1350	【ツキヨ】「はぁっ！？　あぁっ……ずるぅって……奥の方に入ってきちゃっ！？」
1353	【ヒナタ】「まだまだ、もーっとおくまではいっちゃうんだよ」
1356	【ツキヨ】「も、もっと、です？」
1358	「大丈夫？　苦しいかな？」
1361	【ツキヨ】「だ、だいじょぶ……です」
1363	「ゆっくり息を吐いて……」
1366	【ツキヨ】「ふ、ふぅ〜〜〜〜〜〜……」
1368	ゆっくり圧力をかけるようにして、時間をかけてツキヨの中へと進入を果たした。
1371	【ツキヨ】「お、おなか……ぱんぱんです」
1373	「最初はなるべくゆっくり動くね」
1376	【ツキヨ】「は、はい、です」
1378	たっぷりと感触を教え込むように、時間をかけて肉棒の全長を利用して、ゆっくりと抜き出す。すると、内側の粘膜が名残を惜しむように俺にまとい付いてくる。
1381	【ツキヨ】「はぅっ……はわうぅう……おしりの穴開いちゃって、ぞくぞくするです……」
1384	【ヒナタ】「きもちいでしょ？」
1387	【ツキヨ】「は、はい。きもちいです」
1389	「ヒナタのここも弄ってあげような」
1392	【ヒナタ】「ひゃうんっ！　まだニンゲンさんのはいってたかんじするおしりほじられてるよぉっ」
1394	俺のものを受け入れた後ですっかり広がったヒナタのそこは、指に柔らかな感触を伝え、弄るにも心地よさだけを伝えてくる。
1397	【ヒナタ】「はぁっ……はぁああああ……おちんちんのうらっかわごしごしされて、タマタマがひゅんひゅんしてるのぉっ」
1399	ずぽずぽと抉るように動かすと、既に一度達したはずの幼茎が瞬く間に力を取り戻した。
1401	「ヒナタも、コノミやイバラがしてたみたいに自分で触って、気持ちいいところを探してごらん」
1404	【ヒナタ】「うんっ、やってみるっ」
1406	ヒナタは両手で俺の指が抜けた後や、自分自身をまさぐり始めた。
1408	尻穴での快楽を知ったせいか、自分の指を入れることにも抵抗はないみたいだ。
1411	【ツキヨ】「あぁ……はぁっ……おちんちん出たり入ったり……お腹の中、いっぱい擦れてるです……」
1413	「ツキヨも気持ちよくなってきた？」
1416	【ツキヨ】「は、はい、気持ちいいです……あはっ……あぁ……そんな、ずん、てされたら、頭にまで気持ちいいの響いちゃう……です」
1418	「ふぅん、ずんてされるの好きなんだ。じゃあ、もっと激しくしてあげようね」
1421	【ツキヨ】「あぁっ……ずこずこされたら、されたら……もう……あはぁっ、ひゃあん……頭、変になっちゃうです」
1423	「気持ちいいだけだから、大丈夫。俺ももっと気持ちよくなれるように動いてもいいかな？」
1426	【ツキヨ】「い、いいです？」
1428	「ありがとう、じゃ、もっと激しくするね」
1430	速度を上げ、ちんちん全体でツキヨを感じるように、大きな動きでツキヨのつるりとしたおしりに腰を叩きつけていく。
1432	勢いに任せてふぐりがぺちんぺちんとツキヨのしりを叩いた。
1438	【ツキヨ】「あっ……やっ……はぁあああっ……は、激しすぎる、ですっ……」
1441	【ヒナタ】「んふっ……はぁ……はぁ……ツキヨ、きもちよさそう……ヒ、ヒナタも、きもちいよ」
1443	「俺も気持ちいいよ。俺も白いの出していい？」
1446	【ヒナタ】「いいよっ」
1449	【ツキヨ】「は、はい、です……？」
1451	「じゃ、ツキヨの中に出すね。おなかいっぱいに俺の精液を受け止めるんだよ」
1454	【ツキヨ】「な、中に出しちゃうです？　あっ……そんなの怖いです……で、でも、もう気持ちよくて……」
1456	ツキヨは怯えて見せるが、中は腸内射精を求めてひくついている。
1459	【ツキヨ】「あ……おなかの中で、おちんちんが暴れて熱いですっ……な、なんか出るです……っ」
1461	「うん、出しちゃいなよ。一緒にいこうっ」
1464	【ヒナタ】「あ、あぁんっ！　ヒナタも……ヒナタもでるぅっ」
1466	俺は遠慮なく亀頭を温かい粘膜にこすり付け、絶頂へと上り詰めていった。
1469	【ツキヨ】「あぁっ！　だめっ！　おちんちん爆発するですっ！」
1472	【ヒナタ】「ヒナタもっ」
1475	【ツキヨ】「はあぁっ！　何これ、何これぇっ！？　はぁあああああんん！！」
1478	【ヒナタ】「あはっ……いくっいっちゃうううううう！」
1495	どぷっぴゅるるびゅっ
1499	ほぼ同時に勢いよく３本の肉茎から精液が吐き出されていく。
1504	【ツキヨ】「あぁっ……おなかの中、いっぱいになっちゃうです……あ、抜いたらこぼれちゃうです……」
1506	最後の一滴まで吐き出しきって萎えたイチモツを抜くと、ツキヨの穴からとろりと白濁液が垂れた。
1509	【ツキヨ】「あぁ……おしりから垂れちゃうのも、なんかきもちいいです……」
1512	【ヒナタ】「ヒナタ、じぶんのてでいっちゃった。にどめにいっちゃったのも、きもちいかった……」
1514	ふたりは絶頂の余韻に浸るように、うっとりと呟いた。
1516	「俺も気持ちよかったよ」
1522	【イバラ】「ふぅん、それはよかったな」
1524	「え？」
1538	横合いから掛けられた声に慌ててそちらを向くと、イバラとコノミが立っていた。
1540	どうやら、今度は俺たちのほうが覗かれていたものらしい。
1546	【ヒナタ】「はや、イバラとコノミはきもちいことおわった？」
1553	【イバラ】「な、なんだよそれ！　なんだよ、それっ！」
1555	イバラはわかりやすくうろたえている。
1562	【コノミ】「いいなー、ヒナタとツキヨばっかり〜。ボクたちも混ぜてくれればよかったのに〜」
1565	【イバラ】「バカいうな！　ボクは混ざりたくなんか！」
1567	コノミはイバラの抗議など一切意に介さず、にこにこしている。
1574	【コノミ】「今日は〜ボクもイバラもいっぱいイっちゃったけど、今度はちゃんとまぜてよ、ニンゲンくん？」
1576	「あ、あぁ……」
1578	事後の脱力感に思わず適当に返してしまうと、コノミは嬉しそうに笑った。
1585	【コノミ】「ふふふ、楽しみぃ〜やっぱりね〜さわりっこも気持ちいいけど〜ニンゲンくんの挿れてもらわないと、なんか物足りないんだよね〜」
1587	まるで楽しい遊びの話をするようにコノミは言った。いや、エルフたちにしてみればそのまま気持ちがよくて楽しい遊びなのかもしれない。
1590	【コノミ】「やっぱりボク、ニンゲンくんとするのが好きかな〜」
1596	【ヒナタ】「ヒナタもっ」
1598	ヒナタも嬉しそうに手を上げる。
1605	【イバラ】「……」
1607	思わずイバラに目をやると、イバラは怒ったような照れた顔で目を逸らした。
1609	否定したりしないってことは、イバラもまた俺としたいって思ってるのかな。
1615	【ヒナタ】「つぎはみんなで、きもちいことしようね！」
1621	【ツキヨ】「はい、です」
1628	【コノミ】「うん、そうしよ〜？」
1630	楽しそうなヒナタの提案に、ツキヨとコノミがのる。
1637	【イバラ】「そ、そんなの……」
1639	イバラは物言いたげに俺のほうをちらちら見た。
1641	「……」
1643	どうやらこれは覚悟を決めるほかなさそうだ。……全員相手にするとなると、体力持つかな。
