4	俺が最初に思い浮かべたのはコノミの顔だった。
6	果物は好きだと言っていたし、甘いものはきっと好きだろう。
8	……そうだ、喉に詰まらせるといけないから、お茶も用意しなくちゃな。
33	【コノミ】「おぉ〜、出来たんだね〜」
35	残りの生地も焼き上げて、お茶の準備も万全、全て整ったところでタイミングよくコノミが顔を出した。
37	「……コノミってそういうところあるよな。どっかで俺のことを監視してるんじゃないかと思うよ」
44	【コノミ】「ん〜？　監視〜？　ふふふ、そんなことしてないよ？　でも、ちょっと面白そう〜」
46	ふふふ、と笑いながらコノミはちょこんとテーブルの前に腰掛けた。
53	【コノミ】「まっくろこげこげの何かを焼いてたから、炭を作ったら完成なのかなって思ったら、違ったんだね〜」
55	「うんまぁ、一応作ってたのは食べ物だからね。……食べる？」
62	【コノミ】「ん〜？　ボクに聞いてる？」
64	「肉や魚は食べないみたいだけど、甘いものならどうかと思ってさ。卵は入ってるけど……」
71	【コノミ】「それは見てた〜」
73	さりげなく皿にのせた焼き菓子を机の上に出すと、昨日の飴とはうって変わって、素直に手を伸ばした。
75	「食べるの！？」
82	【コノミ】「ん〜？　食べちゃダメだった〜？」
84	「あ、いや。そういうわけじゃ……」
86	コノミは真珠のような歯でサクサクとした焼き菓子を咀嚼した。
93	【コノミ】「甘くて、カリカリしてるとこもあって、いい匂いで……美味しいね〜。ボク、これ好きかも〜」
95	最初の一口を飲み込んで、コノミは微笑んだ。
97	「それ、食べるとお茶欲しくなるだろ。ほら」
104	【コノミ】「うん、ありがと〜」
106	俺はなぜかホッとして、お茶をすすめる。
117	【ヒナタ】「おぉ？　こげこげのにおいなくなったっ！」
128	【イバラ】「ふん、代わりに甘い匂いがするな」
139	【ツキヨ】「いい匂い、です」
145	「あぁ、ヒナタたちも戻ってきたのか」
152	【コノミ】「これ、食べてもいいよ〜。甘くておいしいよ〜」
154	コノミは満面の笑顔でヒナタたちに焼き菓子を勧めた。
161	【イバラ】「美味しいって……もうコノミは食べたのか」
168	【コノミ】「うん。お茶がね、あうよ〜。ちょっと口パサパサするから、お茶飲みながら食べるといいよ〜」
171	【イバラ】「食べられたのか……」
178	【コノミ】「うん。美味しかったよ〜」
189	【ヒナタ】「ねーねー、コノミ。ヒナタもたべていい？」
192	【コノミ】「いいよ〜。ヒナタもツキヨもいっぱい食べなよ〜。たくさんあるからね〜」
199	【ヒナタ】「わーい！」
201	「ちょ、ちょっと。なんでコノミが許可してるのさ」
208	【コノミ】「ん〜？　みんなは食べちゃダメなの〜？　ボクだけいいの〜？」
219	【ツキヨ】「ご、ごめんなさい、口、つけちゃったです」
221	「い、いや……みんなに食べてもらおうと思って作ったから、別に構わないんだけどさ」
228	【ツキヨ】「ほ……よかったです」
231	【コノミ】「そうそう、じゃんじゃん食べなよ〜」
233	……まぁ、いいか。
235	それだけ俺が焼いた菓子を気に入ってくれたって事だ。
246	【ヒナタ】「ほぉうっ！　あまいねっ！　かんだらくちのなかでくずれていくよ！」
253	【ツキヨ】「サクサクするの、楽しいです」
264	【イバラ】「むぅ……コノミが頼むから食べてやるけど、こんなの……こんなの……あ、おい、ヒナタいっぺんにいっぱい取りすぎだろ！」
272	【ヒナタ】「んう？　ごめーん、ほいひいふぁらほままらいの」
275	【イバラ】「ぼ、ボクだって、もっと食べるんだからなっ、ヒナタだけ食べるのはずるっこなんだぞ！」
277	「あーほら、あんまり焦って食べると喉に詰まらすよ」
284	【イバラ】「だって、ヒナタがっ……んぐっ……」
286	「あー、ほら。飲み物飲んで」
289	【ヒナタ】「もごもごもごもご……」
291	「ヒナタも飲み込めないほど口に入れないの」
302	【ツキヨ】「あ、あうぅううううう」
304	喜んでくれてるみたいなのは嬉しいけど、イバラとヒナタが競争みたいに食べるせいで、ツキヨが手を出せなくなってしまっている。
306	「このぐらいでいいかな？」
313	【ツキヨ】「あ、ありがとです」
315	ツキヨの分を取り分けてあげると、ツキヨは嬉しそうに頬を染めた。
321	「って、コノミは食べてる？」
328	【コノミ】「ん〜？　ボクは、先に食べたし〜ね〜？」
330	その手にはけして少なくはないお菓子があった。
332	なるほど、ちゃっかり自分の分は確保してたのか。
343	【ヒナタ】「けぷぅ……」
345	「ってもう全部食べちゃったのかよ！　あーあー、しばらく俺の食事にもしようと思ってたのに」
347	とほほ……今までエルフは物を食べないから油断してたのに、いざ食べるとなると結構食べるんじゃないか。
358	【イバラ】「げふっ……ん、お腹痛い気がする！？　まさか、ニンゲンこのお菓子に毒を！」
360	「違う！　それ絶対ただの食べ過ぎだから！　お腹痛くなるまで食べるなよ！　少しは自分で加減しろよ！」
367	【イバラ】「うー！　ニンゲンのせいでお腹痛いのに、なんでボクが怒られなきゃいけないんだ！」
378	【ツキヨ】「お腹、痛いです？」
385	【コノミ】「う〜ん、お腹がいっぱいなら、治癒しても意味ないんじゃないかなぁ〜？」
392	【ツキヨ】「はうっ……」
403	【ヒナタ】「はりゃっ！？　おなかがポンポンになってるっ！？　あははは、なんだこれっ」
410	【ツキヨ】「お腹、カエルさんみたいになってるです」
412	ヒナタも食べ過ぎたせいでお腹がすっかり膨らんでいる。
414	ツキヨが恐る恐るヒナタのお腹をポンポン叩くとやけにいい音がした。
416	「ははは、ヒナタも食べ過ぎだな」
423	【ヒナタ】「ニンゲンさん、こんなにおいしいものつくれるなんてすごいね！」
425	初めてのお菓子作りで得られた賞賛はなかなかに悪いものじゃなかった。
455	翌日、思いのほかお菓子作りで消費してしまったので補充するために薪を割っていると、コノミが何かを持って近づいてきた。
462	【コノミ】「ニンゲンくん、これあげる」
464	コノミが差し出してきたのは、このあたりだとあまり見かけない果物だった。
466	「お、ありがとう。何これ、珍しいね、どこに生えてたの？」
473	【コノミ】「ん〜？　秘密〜」
475	「そうか、秘密か。ひょっとしてエルフの里の？」
477	ちょうどいいし、少し休憩にするか。
479	俺はそのあたりに腰掛けると、コノミが持ってきてくれた果物を軽く袖で拭って、かぶりついた。
481	「ん、うまいな。これ」
483	コノミも俺の横に腰掛けて、うす赤い果物に歯を立てた。
490	【コノミ】「ボクね〜、今なってる果物だと、これがいっとう好き〜」
492	ピンと張った表皮からの印象に反して、柔らかな果肉には汁気がたっぷりしていて、適度な酸味が疲れた体に心地いい。
494	ちらりとコノミに目をやると、汁気の多い果物にかじりつきながら、溢れる果汁をすする仕草はどことなくいやらしかった。
496	……って、コノミにはそんなつもりないだろうに何を考えてるんだ俺。
503	【コノミ】「ふふふ、昨日のお菓子美味しかったから〜また、作ってね〜」
505	「あぁ、いいよ。面倒だから、そんなにしょっちゅうは作れないかもしれないけど」
512	【コノミ】「それ、ニンゲンくんにだけあげるの〜。だから、ね？」
514	「……わかった、コノミのためにお菓子を焼くよ」
521	【コノミ】「ふふふ」
523	コノミははにかむように笑った。
530	【コノミ】「本当はね〜、食べていいのボクだけかも〜って思った時、嬉しかったんだ〜。だから、次はボクだけにちょうだい？」
532	「んー、それは難しそうだな……」
534	お菓子なんて焼いてたら、絶対にみんな嗅ぎつけてくるだろうし、秘密で作るのなんて難しそうだ。
541	【コノミ】「そうだね〜。じゃあ、みんなにも分けてあげるから、ボクにお菓子焼いてね〜」
543	コノミはあっさりとお菓子の独占契約を諦めた。
545	ずいぶん簡単に諦めるんだな。
547	……どうして、そのことに俺はなんとなく罪悪感を覚えているんだろう。
549	「あぁ、それなら、お安い御用だよ。今度村に戻ったら、また材料を手に入れてくるよ」
551	俺はなんとなく胸がチクチクするのをごまかすように笑ってみせた。
558	【コノミ】「ふふふ、楽しみだなぁ〜」
560	コノミは嬉しそうに空を見上げた。
