21	小屋の中がぐにゃぐにゃに曲がっている。
23	高熱のせいだろう。
25	これが夢なのか、それとも目が覚めたのか、まったくわからない。
27	……頭が朦朧とする。
29	それだけではなくて、頭と言わず関節と言わず、体中が軋むように痛む。
31	「……う〜ん、んんん……」
33	魘されていると、ヒナタが入ってきた。
40	【ヒナタ】「わわっ！？　ニンゲンさん、くるしいの！？」
42	「だっ……げほっごほっごっほごっほ、うぇっ……」
44	大丈夫、と答えようとして咳き込んだ。
46	そのせいでこめかみが締め上げられたように痛んだ。
48	まぁ、大丈夫、ではないよな……。
55	【ヒナタ】「だっ！？　だ……だめっ！？　しんじゃうのっ？　ねぇ、ニンゲンさんしんじゃうのっ！？　た、たいへんだっ！？」
57	頼むからうるさくしないで欲しい。
59	いつものようにヒナタが走り回っているけど、俺にはそれをたしなめるような元気がない。
61	「くっそ……喉……渇いたな……」
63	咳き込んでかすれた喉だけじゃなく、熱のせいか体中が干上がっているみたいな感覚で、唇も乾いてひりひりしている。
65	俺は一瞬迷ってからヒナタに声をかけることにした。
67	「わ……るい、ヒナタ……頼みが、あるんだけど……」
74	【ヒナタ】「なになに！？　ニンゲンさんがヒナタにおねがい、なに！？」
76	ぴょんとヒナタは飛びつくように俺のそばに来た。
78	ヒナタは何かを頼まれる、ということが嬉しくて仕方がない様子だ。
80	まぁ、ヒナタも俺のことを心配してくれているんだよな。
82	「水を飲ませてくれないか？」
89	【ヒナタ】「おぅ！　おみずね！　いいよっ！」
95	ヒナタは水を汲んでくると、はたと困ったように俺を見下ろした。
102	【ヒナタ】「んと、んと……おみずだぱーってなったら、こまるよねっ！？」
104	「あぁ、そうだな……」
111	【ヒナタ】「じゃあ、そーっとそーっときをつけてやらなきゃだよね」
113	朦朧としたまま答えると、ヒナタは水を入れた器を口元まで近づけて、少しづつ慎重に傾けた。かえってそのせいで器の口を伝い、水は広範囲に零れた。
120	【ヒナタ】「あわっ……あわわわ、ごめん。ごめんね、ニンゲンさん」
122	ヒナタは慌ててその辺の布で零した水を拭いた。
124	その布は、俺がかけている布団のような気がするが、多くは言うまい……ヒナタが自分で拭いてくれただけ上等だ。
126	そうだよな、寝たままの人間に水を飲ませようっていうのがそもそも無理なんだ。
128	「いや、いいよ。自分で起きて飲む……から……いって……」
130	起き上がろうと脇に手をついて、俺は呻いた。体中に力が入らない。
132	身体中が痛いのも重なって、起き上がるのも困難だ。
139	【ヒナタ】「いたいの！？」
141	「うん、熱のせいで体中がちょっとね」
144	【ヒナタ】「じゃ、じゃあ、おきなくてもいいように……うんと……」
146	ヒナタは水を口に含んで顔を近づけてきた。
153	【ヒナタ】「んー！　んー！　んんん！」
155	あぁ……口移しか、正直今はありがたい。
162	【ヒナタ】「んにゅ……ぷはっ」
164	「んくっ……んくっ……はぁ……」
166	渇ききった喉に水が流れ込んでくる。生ぬるい水はひどく甘く感じられた。
168	ヒナタは何度も器が空になるまで、俺の唇と器の間に口を往復させてくれた。
175	【ヒナタ】「ぷはぁっ！　ニンゲンさん、もっとおみずのむ！？　またくんでくるよ！」
177	「いや、もういいよ。ありがとう……」
184	【ヒナタ】「そか……ねぇ、ニンゲンさん。しんじゃうの？」
186	……縁起でもないことを聞くなよ。風邪ぐらいじゃ死なないよ、と答えたかったけど、こんな高熱が出たのはいつぶりのことだろう。
188	こんな、ろくに薬もない、医者もいない状況で……このまま熱が下がらなかったら。
190	ぞくり、不安からなのか、それともたんに熱が高いからか、背骨を寒気が這い上がってくる。
192	一度寒気を覚えてしまうとガチガチと歯が鳴りそうに寒かった。
199	【ヒナタ】「はれ？　ニンゲンさん、はがガチガチいってるよ！？」
201	あぁ……実際歯の根が合わなくなってきた。
203	「……さ、さむい……」
210	【ヒナタ】「えぇっ！？　さむいのっ！？」
212	「それに……体中が痛い……」
214	苦痛は全身を絶え間なく襲っているのに、覚醒することなく頭が朦朧とする。
216	俺は今どこにいて、どうなっているんだ？
223	【ヒナタ】「ニンゲンさん、ニンゲンさん、だいじょうぶっ！？　どうしよう、どうしたらいいっ！？」
225	「さむい……さむい……いたい……」
232	【ヒナタ】「さむい？　さむい？　あわわわわわ、ど、どうしたらいいのっ！？」
234	ヒナタは泡を食って、またそのあたりを走り回っている。
241	【ヒナタ】「そだっ。さむかったらあっためればいいんだっ！」
247	いいことを思いついた！　とばかりにヒナタは俺に覆いかぶさってきた。
254	【ヒナタ】「んしょ、んしょ。いたいのもなおりますよーに」
256	ヒナタは俺に覆いかぶさった状態で、かすかに光る手ですりすりと労わるように手足を撫でてくれる。
259	【ヒナタ】「あったかい？　ねぇ、ニンゲンさん、あったかい？」
261	「いや……まだよくわからない……」
268	【ヒナタ】「そか、ぬののうえからじゃわからないよね。じゃ、これでどうだ！」
274	ヒナタは服を脱ぎ捨てると、再び俺に覆いかぶさった。
291	【ヒナタ】「あったかくなーれ、ニンゲンさんあったかくなーれ！」
293	ヒナタは一生懸命全身で俺をこすってあっためようとする。
295	多分、裸なのは直接熱を伝えようと思っているからなのだろう。
298	【ヒナタ】「あれれ、ニンゲンさんのからだあっついよ？　それなのに、さむいの？」
300	「……うん、寒いし、体中のいろんなところが痛い」
302	ヒナタが触れてくれているところだけは少し楽になっている気がする。それはけして治癒能力のためばかりじゃないように感じた。
309	【ヒナタ】「いたいのいたいのとんでけー。あったかくなぁれー」
311	和らげられてなお痛みはやまないけれど、ヒナタが触れてくれているところは気持ちいい。
314	【ヒナタ】「んしょ、んしょ……ニンゲンさん、きもちい？」
316	「う……うん……」
318	ただ……気持ちいいのだが、その……。
320	頭を撫でられる様な穏やかな心地よさと共に性的な快感までもが引き出され始めた。
327	【ヒナタ】「よかった！　じゃあ、もっとヒナタがんばるよ！」
329	これも熱のせいなのだろうか。皮膚は粟立つように鋭敏になっていて、ヒナタの動きから貪欲に快楽を貪ろうとしているかのようだ。
336	【ヒナタ】「すーり、すーり、よいしょ、よいしょ！」
338	朦朧とした思考はやがて、ふわふわとした酔いにも似た気分に移り変わっていた。
340	あぁ……気持ちいい。
347	【ヒナタ】「わ、わわっ！？　ニンゲンさんのおちんちん、カタくなってきたよ！？」
349	「……え？」
351	なんで、こんな状況で？
353	勃起したところでコトに至る体力なんてないのに、どうして反応してしまっているのだろう。
355	ひょっとして本当に死にそうだから、生き物としての生存本能が最後の最後に種を残そうと力を振り絞っているのだろうか。
358	【ヒナタ】「んと……ニンゲンさん、きもちいことする？」
360	ヒナタに聞かれたけど、俺はなかなか答えられなかった。
362	「……したい。でも……動けないよ……」
369	【ヒナタ】「そか……あうぅ……でも、ニンゲンさんのみてたら、ヒナタ、へんなキブンになっちゃったよ」
371	ヒナタは愛しげにそっと俺のものを撫で回した。
373	「あうっ……その刺激は強すぎる」
376	【ヒナタ】「いたかった？」
378	「いや……気持ちよすぎて、その……」
380	亀頭を中心に撫で回されただけで、鋭いくらいの快感が送り込まれてきた。手のひらの柔らかで滑らかな感触がたまらない。
382	ますます俺の肉棒は硬さを増していく。
385	【ヒナタ】「おちんちんだけはすっごくげんきになっちゃったね。かちかちにかたくなってる」
387	ヒナタは自分の手で俺の肉棒を硬く大きくしたのが嬉しいようで、熱心に竿をしごき始めた。
390	【ヒナタ】「わー、ニンゲンさんのおちんちんあっついね。やけどしちゃいそう……」
392	「あ……」
394	ヒナタの手の中で、俺の肉棒は暴れだしそうに力を貯め、さらなる刺激を待ち望んでいる。。
397	【ヒナタ】「おっきくなっちゃったら、せーえきどぴゅってだしたいよね？　でも、ニンゲンさんうごけないかー」
399	ヒナタはきゅっと俺の肉棒をつかみ、考え込むようにやわやわと揉みしだく。
401	「……気持ちいい……」
404	【ヒナタ】「そだ、ニンゲンさんがうごけないなら、ヒナタがもっともっときもちいことしてあげるね」
406	ヒナタはペロっと俺のものに舌を這わせた。
413	【ヒナタ】「ニンゲンさんにぺろぺろしてもらうの、きもちいかったから、こんどはヒナタがしてあげる！」
415	ヒナタは俺の肉棒に口付けると、先端から丁寧に啜り始めた。
418	【ヒナタ】「ちゅるっ……んみゅー……じゅぷっ……なんだか、なまぐさくてしょっぱい……けど、いやじゃないかんじ……こゆいにおいがする……」
420	ぺろぺろとヒナタは美味しそうに俺のモノに舌を這わせ続ける。
422	くすぐったいようなもどかしい感じに、俺の体で肉棒だけが力を蓄えていく。
425	【ヒナタ】「おー、しょっぱいおつゆいっぱいでてきたー！　んむぐ……ぴちゃっ……さきっぽのところ、つるつるしててなめるときもちいー……じゅるっ……」
427	ヒナタは舐めているだけで興奮してきたのか、俺の上でなまめかしく身体をくねらせた。
429	ぞくり。
431	俺の目の前でくねった白い太ももが劣情を刺激する。
434	【ヒナタ】「ひゃあんっ！　おしりナデナデしちゃダメぇ！」
436	ヒナタが悲鳴のような声を上げた。
439	【ヒナタ】「もう！　ヒナタがニンゲンさんのこときもちいくしてあげるんだから、ニンゲンさんはいいこにしてなきゃダメダメでしょお！」
441	ヒナタはお尻を振りながら抗議するが、そんなモノは俺を視覚的に煽る以外の効果を持たない。
444	【ヒナタ】「ひゃぁっ……あぁっ……おしりナデナデされたら、ヒナタ、ほんとに……」
446	白くつるりとした感触がたまらなく心地いい。
448	俺はいつもより入念にヒナタの尻を撫でさすった。ひんやりとなめらかな感触が熱を下げてくれるような気がした。
451	【ヒナタ】「うぅうううう……ヒナタはニンゲンさんのこと、きもちいくしてあげるの。だから、ヒナタだけきもちいくなってたらァ……ダメったら……」
453	一方的に与えられる快楽に気もそぞろになってきたのか、俺に負けず劣らず熱に浮かされたようにヒナタが声を上げる。
456	【ヒナタ】「あはぁ……おしりナデナデされると、ちからぬけちゃうよぉ……」
458	ヒナタはくんにゃりと力の抜けた身体を左右に振って、胸を俺の腹に擦り付ける。
461	【ヒナタ】「あひゃあぁんっ、すりすりしてたらおっぱいこすれちゃうよぉ、きもちいよぉ」
463	硬く粒だった乳首が擦れるのがまた新しい快感を呼び覚ましていく。
466	【ヒナタ】「ヒナタ、ニンゲンさんのからだにすりすりしてたら、きもちいくなってきちゃった。ごめんねー？　ちゃんとどぴゅってさせてあげるね。んふぅ……はぁ」
468	はぁはぁ、と乱れた吐息が何度も俺の亀頭に吐きかけられる。
470	緩く掴まれた手の感触も、吹きかけられる息も、達するにはもどかしい刺激を肉棒に与え続け、俺は身もだえしたくなった。
472	「も、もっと強く……してくれないか？」
475	【ヒナタ】「う、うん……そ、だよね。ちゃんとぺろぺろしなくっちゃ……んちゅっ……ちゅぷっ……」
477	小鳥が餌をつつくように細かく唇を落とす刺激は、もどかしさだけを増大させていく。
479	「もっと、もっとだ……咥えてしゃぶってくれないか？」
482	【ヒナタ】「えぇ？　ニンゲンさんの、おおきくておくちにはいりきんないよ！？」
484	「出来るだけでいいから」
487	【ヒナタ】「う、うん……ごくり」
489	ヒナタは息を呑むと、意を決したように俺の肉棒にむしゃぶりつき、何とか亀頭を飲み込む。
494	【ヒナタ】「こ、こうふぇひひの？　もっふぉ？」
496	「うん、もっと……」
504	【ヒナタ】「ひょうふぁふぁいふぁ、ん……ん……んぐぅ……ちゅぴっ……じゅぱぁ……うぇ……ぐぅ……」
506	肉棒を口に入れたままヒナタがしゃべろうとすると、強い快感が走り、思わず腰が浮く。
508	亀頭に喉の奥を突かれて、ヒナタは呻いた。
512	【ヒナタ】「うぇ……ひんふぇんふぁん……ふぃろいよほぉ……かっふぇにうごいふぁら、くるしいれしょ……ううっ……ふはっ……んむぅ……」
514	太いものを無理やりにくわえ込んだ唇の隙間から、とめどなくよだれが滴り落ちる。
517	【ヒナタ】「ふぇ……んぐっ……んじゅぅ……じゅるじゅる……ぺちゃっ……ちゅぅうううう……」
519	口の中になるべく多くを収めようとすると、柔らかな舌が闇雲に亀頭の表面を撫で回し、伝うヨダレごと先走りを啜り上げることになる。
521	ヒナタの細い喉がヨダレを嚥下するたびに温かく狭い口内がいっそう狭くなり、きゅうと心地よく肉棒をひしゃげさせた。
524	【ヒナタ】「ぷはぁ……っ……おくちのなかでニンゲンさんのが……どくんどくん……ってしてて……おくちのなかがきもちいよぉ……はぷっ……ちゅるっ」
526	「吸って……もっと、強く」
534	【ヒナタ】「ふっはらひひの……？　はむっ……ふはっ……んちゅ……んくっ……ちゅるっ……じゅるっ……ぴちゃっ……くちゅっ……」
536	「あ、あぁ……いっ……いいっ……」
538	ざらついた舌が俺の最も敏感なところを這い回り、尿道から精液が吸い上げられようとしている。
541	【ヒナタ】「はぷっ……このアナのところからせーえきでるんだよね？　おちんちんおーきくてもアナはおっきくないんだね……れろっ」
543	ヒナタは舌を尖らせて、尿道口をくじった。
545	内側がありえない感触を覚えて、腰のあたりからゾクゾクした快感が湧き上がってくる。
548	【ヒナタ】「ジクのとこはかたいけど、さきっぽはプニプニしてて、あいだのとこはクニクニしてる……」
550	ヒナタは興味深げに舌で観察しているかのように、陰嚢から亀頭までのそれぞれの感触を楽しんでいる。
552	中でも、裏筋の感触と尿道口が気に入ったのか、執拗にそこを尖らせた舌でつつき始めた。
554	「あぅ……」
556	痛いほどの快感に思わず呻き声を上げてしまう俺に、ヒナタは嬉しげな笑い声を漏らす。
559	【ヒナタ】「ふふっ……ニンゲンさんのすきなところ、みっけ。このさきっぽグリグリされるときもちいんだ」
561	「あ……あぁっ……」
563	思わず俺は掴んだヒナタの尻を強く掴んでしまう。
566	【ヒナタ】「ひゃんっ……そんなふうにされたら……ヒナタもきもちいよ！？」
568	俺は目の前で割開かれている双丘をさらに押し開くようにして、可憐な蕾に親指を押し込んだ。
571	【ヒナタ】「あっ……！？　あぁっ！？」
573	ヒナタはピンと足をつっぱらせる。
575	「やっぱり、俺もヒナタのこと気持ちよくしてあげたいな。でも、今日は手だけでごめん」
577	体を起こすことはできなくて、俺は手が届く範囲でヒナタの尻の穴を親指で刺激しながら、幼茎を片手で握った。
579	手の中に収まるそれを自身の皮でしごくようにしてやる。
582	【ヒナタ】「あぁっ！？　おちんちんすっぽりつつまれてしこしこされてるっ……！？　じゃ、じゃあヒナタもすっぽりつつんであげる」
584	ヒナタは俺の肉棒をしっかり両手で包み、再び果敢に口の中に収めようと苦戦し始めた。
587	【ヒナタ】「んっ、んふぅ……はむっ……はむぅ……」
589	「む、無理はしなくていいよ……」
591	ヒナタの小さな口では、俺のモノを全て飲み込むのは到底難しい。
593	いたわろうとして声をかけた俺に対するヒナタの返答は肉棒を咥えたまま、首を左右に降るという荒業だった。
596	【ヒナタ】「ふぃんふぇんふぁんのほほ……ひもひよふひへあふぇるっふぇ、ひめふぇるのぉ……！」
598	「あっ……あぁっ……」
600	首の動きと、しゃべろうとしたが故の舌の動きに、意識が全て持っていかれる。
602	返答もできないくらいに感じてしまった俺に意欲を刺激されたのか、さらにヒナタは首の動きも舌の動きも熱心になった。
605	【ヒナタ】「んふぅ……じゅるぅ……じゅるる……ぴちゅっじゅるぅ……」
607	柔らかな唇と内頬でしごき上げるように、亀頭から肉茎が温かい口内で丁寧に愛撫され、快感は絶頂へと近づいていく。
615	【ヒナタ】「ひんふぇんふぁん……もうひく？　ひっひゃう……？　ひんふぇんふぁんふぉおひんひん、おふひのなふぁふぇひうひうしふぇる……」
617	ヒナタはくすぐるように指先で陰嚢をクニクニと揉みしだきながら、強く肉棒を吸い上げた。
619	「うっ……」
635	【ヒナタ】「ふひゃっ！？」
637	どくん、と視界がぶれ、陰嚢で作られた粘液が肉茎から吐き出される。
639	その瞬間、俺は指をヒナタの尻穴の中で曲げていた。
641	内側から刺激されたのが呼び水になったのか、ヒナタの幼茎もまた射精にいたり、俺の胸に白濁した汁を撒き散らした。
643	どくん、どくん……自分でも呆れるほどの勢いで、精液はヒナタの口の中を犯していく。
646	【ヒナタ】「んぷっ……んぐぅ……んくっ……こく……」
648	ヒナタはひるむことなく粘っこい精液を喉を鳴らして飲み下していく。
650	最後の一滴まで啜るようにして飲み込んでようやくヒナタは顔を上げた。
653	【ヒナタ】「うひゃあ……へんなあじぃ……」
655	「無理して飲まなくても良かったのに」
658	【ヒナタ】「ムリなんかしてないよ？　せいえきのんじゃったからおくちのなかもおなかのなかも、ヒナタ、ニンゲンさんのにおいでいっぱいだよ……」
660	ヒナタはそう言って嬉しそうに萎え始めた肉棒に再び唇を落とした。
663	【ヒナタ】「ちゅっ……ねえねえ、ヒナタじょーずにニンゲンさんのこときもちいくしてあげられたでしょ？」
665	「あぁ……最高に気持ちよかった……って、あれ！？」
676	射精の余韻を楽しむほどの余裕もなく、ガクン、と視界が揺れた。
693	【ヒナタ】「はれっ！？　ニンゲンさん！？　どしたの、ニンゲンさんっ！？」
695	ヒナタの呼び掛けは聞こえているが、答えることができない。
697	射精に至ったせいでもはや目を開けていることが困難なほどの疲労に達してしまったのだろう。
699	上まぶたと下まぶたが耐えようとしても勝手にくっつきたがる。
701	「ご、ごめん……眠い……」
709	【ヒナタ】「ねむたいだけ？　だいじょーぶなの！？」
711	「う、うん……たぶん、だいじょぶ……」
713	それだけの言葉を紡ぐのが精一杯だった。
715	それから俺は気を失うようにして夢も見ないほどの深い眠りについた。
