1	「い、行かなくてよかったのか？」
12	【コノミ】「んん〜？　ニンゲンくんは〜、ボクらが行っちゃったほうがよかった〜？」
14	「いや、そういうわけじゃないけど」
21	【コノミ】「あ〜あ、もう少し、一緒に居てあげようかなって思ってたんだけどな〜ニンゲンくんはボクらが邪魔か〜」
23	「邪魔だなんて言ってないだろ」
30	【コノミ】「じゃあ〜、一緒に居られて嬉しい？」
32	「……あぁ、まぁね。地下倉庫から出てきたのはびっくりしたけど」
39	【コノミ】「だって〜驚かそうと思ったの〜計画通り〜」
41	「埃っぽくなかった？」
48	【コノミ】「ちょっとかび臭かったけど大丈夫だった〜」
54	【ツキヨ】「好きな匂いです」
56	「なら、いいけどさ。でも、ツキヨは立場的なものとか……大丈夫なの？」
58	イズミの話だと、コノミはともかく、ヒナタとツキヨはおとなしくしてなきゃまずそうな感じだった。
60	それをイズミの目を盗んでかは知らないけど、こんなふうにこの小屋に戻ってきちゃってよかったんだろうか。
70	【ツキヨ】「立場的なもの……です？」
72	「エルフの里に帰りにくくならない？」
78	【コノミ】「それは大丈夫〜。ツキヨは帰らないんだって〜」
80	「え？」
86	【ツキヨ】「はい、です。もう戻らないことにしたです」
