1	「あのさ、減るものじゃないんだし、少しぐらい貸してあげたっていいじゃないか」
12	【ツキヨ】「っ……」
14	ツキヨの目が瞬間見開かれて、言ってすぐにしまったと思った。
16	「あ、ご、ごめん」
18	ツキヨは下唇を噛んで表情を硬くした。
21	【ツキヨ】「わかってもらえないなら別にいいです」
23	「いや、あの……貸してあげなさいっていうのはさ、あげろってわけじゃないし……」
30	【ツキヨ】「だから、いいです。絶対に離さないだけです」
32	ツキヨはまるで手ひどい裏切りを受けたかのように、一層かたくなにそっぽを向いてしまった。
34	もはや完全に自分の殻に閉じこもる姿勢だ。
36	……これは言い方を間違えたな。
38	「所有者はもちろんわかってるよ。だから、貸してあげればって言ったんじゃないか」
41	【ツキヨ】「これはイバラのじゃないです」
43	なだめて言い訳をしようにも、ツキヨはもはや聞く耳を持たないといわんばかりに、布をきつく抱え込んでしまっている。
50	【ツキヨ】「誰にも触らせたくないです。これは絶対にツキヨのものです」
52	う〜ん、こうまで触らせたくなっていうのは単に意地になっているだけなのかそれとも、何か理由があるんだろうか？
54	さすがにここまで大事にしているものを気安く貸してあげればなんて、無神経すぎたな。
56	弱っていると、イバラもイバラでぶんむくれている。
67	【イバラ】「ニンゲンは愚かだから理解できないのかもしれないが、所有を離れたものは拾ったエルフのものなんだぞ」
69	「それはさっきコノミに聞いたよ」
72	【イバラ】「それなら、ボクが正当な所有者となったことも理解できるはずだ」
74	「ごめん、それは理解できない」
81	【イバラ】「なっ！？」
83	「だって、俺は一応ずっとその布はツキヨのだと認識していたよ」
86	【イバラ】「け、けど……ニンゲンはエルフじゃないぞ！」
88	「だけど、今一緒に暮らしてるのは俺たちだろう？　共同生活を営んでいる者が認識しているなら、それはエルフが認識しているのと変わらないんじゃない」
91	【イバラ】「う、うぅ……そ、それは……」
93	「それに、布自体は今はツキヨが持ってるじゃないか。そしたら、やっぱりイバラから所有を離れて、今はツキヨのものと言えるんじゃないの？」
100	【イバラ】「違う！　ツキヨはボクの手から強引に奪い取ったんだぞ！」
106	【コノミ】「そんなこと、したのもされたのも聞いたことないけど〜、もしそうなったら、所有権がどちらにあるかの確認はするだろうね〜」
112	【ツキヨ】「イバラのじゃないです！　ツキヨのです！」
114	うーん、まいったな。これじゃまた掴み合いに戻りかねない。
116	「その場合、所有権てどうなるの？」
127	【コノミ】「聞いたことないからわからないけど、どちらのものか両方に主張してもらって〜、みんなで決めるんじゃないかな〜」
129	「……うーん。じゃあ、俺はやっぱりツキヨのものだと思うかなぁ」
136	【イバラ】「なんでだよ、ニンゲン！」
138	「一緒に暮らしているのは俺たちなんだし、他のエルフの認証なんかなくても、少なくともこの小屋においてはツキヨのものだと見られてたんじゃない？」
141	【イバラ】「でも……でも……」
143	イバラがでもでもと駄々をこねていると、コノミがにこっと笑った。
150	【コノミ】「そだね〜。ニンゲンくんが言うなら〜、それはツキヨのものだね〜、きっと」
157	【イバラ】「コノミ……お前……」
160	【コノミ】「ん〜？　なにぃ〜？　ま〜、ずーっとツキヨが持ってたのは間違いないしね〜。離したくないみたいだし、認証するには十分じゃない〜？」
171	【ヒナタ】「ニンゲンさんとコノミがいうなら、ヒナタもそれでいいよ」
173	ヒナタも一緒になって手を挙げる。
176	【イバラ】「くっ……」
178	どうやら多数決でツキヨの布はツキヨの所有物と認められたようだ。
189	【ツキヨ】「コノミ？　ヒナタ？　はわ……」
191	抱きしめている布が自分のものだと認められて、ようやくツキヨは落ち着いたのか、こちらを向いた。
