1	俺は何も言うことが出来ずにツキヨの頭を撫でた。
8	【ツキヨ】「ふぇっ！？」
10	ツキヨはびっくりした顔で俺を見上げてきた。
12	「……ツキヨだってヒナタを傷つけたかったわけじゃないのはわかってる。辛かったね」
19	【ツキヨ】「ふぇっ……ふぇえええええええええっ！」
21	ツキヨは頭を撫でられたことで緊張の糸が切れたのか、声を上げて盛大に泣き出した。
43	【ツキヨ】「ふっ……くすん……くすん……えぐぅ……」
44	ひとしきり泣いたら落ち着いてきたのか、次第に泣き声は収まり、静かにしゃくりあげるだけになってきた。
46	「そろそろ落ち着いた？」
49	【ツキヨ】「はい、です。……ずびぃ」
51	ツキヨはひとつ大きく鼻をすすって泣き止んだ。
58	【ツキヨ】「ヒナタに、嫌いなんて、ひどいこと言っちゃったです……ヒナタ、心配してくれてたです」
60	「多分、ヒナタもツキヨがいっぱいいっぱいだったのはわかってるから大丈夫。今度会ったときに謝ったら許してくれるよ」
63	【ツキヨ】「だと、いいです。許してもらえなくても、ちゃんと謝りたいです……」
65	「きっとわかってくれるさ」
67	多分、ヒナタのことだから謝ったら気にしなくていいよと能天気に答えることだろう。
69	それどころか、自分の心配が伝わっていたことを知ったら、それだけで喜ぶに違いない。
76	【ツキヨ】「イバラのことも……まだ、怒ってるです。でもいらないって言っちゃったのは、謝れるといいです」
78	「うん、そうだね」
81	【ツキヨ】「この布、ツキヨの大事なものなのに、イバラの方が相応しいって言われてかっとしちゃったです。でも、いらなくないです。嫌いじゃないです」
84	【ツキヨ】「ヒナタも、イバラも、嫌いじゃないです。大好きです。大事な……大事なお友達です」
86	「うん。知ってる。俺も知ってるぐらいだし、ふたりだってきっとわかってるさ」
93	【ツキヨ】「……はい、です」
95	ツキヨはふと俺を見上げると、にこっと笑った。
98	【ツキヨ】「ニンゲンさんは優しいです」
100	「え？　そ、そう？」
102	思いがけない賞賛に思わず挙動不審になりかけた俺の手をツキヨはぎゅっと掴んだ。
109	【ツキヨ】「撫でてくれるお手々、あったかかったです。すごく優しかったです」
111	そして掴んだ手を宝物みたいに大事に抱え込み、一言一言に決意を込めるようにしっかりとツキヨは呟いた。
114	【ツキヨ】「また会えたらふたりには謝るです。でも……エルフのとこには戻らないです。ニンゲンさんの傍に居たいです」
116	「え？」
123	【ツキヨ】「傍に居ちゃダメです？　ニンゲンさんのお手伝い、出来るです」
125	ツキヨは懸命に訴えかけてきた。
127	「い、いや……俺としては一緒にいてくれるなら嬉しいけど」
133	突然の申し出に思いがけず本音が出る。
135	そうだ、俺はもっと皆と一緒に居たかったんだ。
137	はじめはこの森でひとり暮らすつもりだった俺だけど、ヒナタたちとであって一緒に暮らすようになってとても楽しかった。
139	エルフたちとは満月の頃には別れるものだ、というのは少なくとも覚悟していたけど、ツキヨだけでも傍に居てくれるなら、それはすごく嬉しい。
146	【ツキヨ】「一緒に居るの嬉しいです？」
148	ツキヨは驚いた顔で聞き返してきた。
151	【ツキヨ】「ツキヨいても、いいです？」
153	「いてもいいっていうか、ツキヨと一緒に居られるのは嬉しいよ」
160	【ツキヨ】「はわ……嬉しい、です？」
162	「うん、嬉しい」
164	ツキヨはとても驚いた風に目を見開いて、それからにっこりと笑った。
171	【ツキヨ】「ツキヨも、ニンゲンさんと一緒嬉しい、です」
173	「一緒だね」
180	【ツキヨ】「一緒、です。ふふふ……」
182	ツキヨは弾むように小さく飛び跳ねながら、俺の腕にまとわりついてきた。
189	【ツキヨ】「一緒にいて嬉しいなんて、言ってもらったの初めてです♪」
192	【ツキヨ】「さ、今日は何するです？　頑張るです！」
194	「あ、あぁ……じゃ……」
196	そうしてこの日から、ツキヨは嬉しそうに俺がやろうと思ったことを手伝ってくれるようになったのだった。
