7	「忘れないよ……コノミのことを忘れられるわけないじゃないか」
14	【コノミ】「あはははは、そっか〜。そう言ってもらえると嬉しいな〜。ボクもニンゲンくんのこと、きっと忘れられないよ〜」
16	笑っているけど、どこか寂しげにコノミは言った。
23	【コノミ】「会いたいのに会えないのはきっと苦しいだろうね〜？」
25	コノミの笑顔が少しだけ歪む。
32	【コノミ】「……ボクほんとは離れたくないよ〜？」
34	コノミは複雑な表情をして顔を上げた。
41	【コノミ】「だけどさ〜エルフは変わらずに眺めてるのが役割だし〜、人間はどんどん変わっていくのが役割なんだ〜、きっと」
48	【コノミ】「だから、ずっと傍にいるなんて出来ないのに〜……ボク、ニンゲンくんと一緒にいて変わっちゃったのかもしんないね〜？」
50	「それは悪いことなのかな？」
57	【コノミ】「わかんない……わかんないけど〜」
59	コノミは自分自身の感情に戸惑うみたいに目を伏せる。
62	【コノミ】「やっぱりボクも、ニンゲンくんのこと忘れた方がいいのかな〜？」
64	考える前にその言葉は口から出てきた。
66	「迷ってるんだったら、忘れなくてもいいんじゃないかな」
73	【コノミ】「ふぇ……？」
75	「……別に根拠はないけど、忘れずにいたらきっとまた逢える気がするんだ」
77	俺の言葉に所在無さげだったコノミの表情はみるみる晴れやかなものになった。
84	【コノミ】「あは、だといいね〜。ニンゲンくんがそう言うんなら、きっとまた逢える気がするよ〜？」
86	「うん。きっとまた会えるよ」
93	【コノミ】「じゃあ、さよならじゃなくてまたね〜、だね〜？　またね〜、ニンゲンくん」
99	コノミの姿が遠ざかる。
101	コノミがエルフの里へと戻っていく。
103	「またね、コノミ……」
122	「さて、と」
124	コノミが帰っていったのを見送って、俺は息をついた。
125	これから俺にはやるべきことがある。
141	俺はいったん村に戻ると人を集め、トキワスレの香を使って、彼らからエルフの記憶を消すことにした。
143	結界は修復されるのだから、これ以上エルフがこちらに出てきたり、あるいはあちらに人間が迷い込んだりすることもないのだろうとは思う。
145	でも、エルフたちを狩るべく森が荒らされでもしたら、きっとエルフたちは悲しむことだろう。
147	だから、村の連中はエルフのことなんて忘れた方がいい。
149	本当は俺も忘れた方がいいのかもしれないけど……。
152	【村人２】「こんなに人を集めて何の話があるんだ？」
154	「それはこれから話すんだけど、来られる人はこれで全部かな？」
157	【村人３】「あぁ。どうしても来られない奴以外には集まるように言ったけど……」
160	【村人４】「おまえに言いつけられて集まるって言うのも癪だったけど、村の存亡に関わるってんじゃなぁ」
162	けして広いとはいえない俺の家に、集まった村の連中はかなりの人数だ。座るところもないから、ほとんど立ってもらっている。
165	【村人１】「エルフの軍隊に囲まれてるって話はどうなったんだよ！？　なんか交渉はあったのか？」
168	【村人３】「戻って来ていきなり人を集めたんだから、その話をするためじゃないのか？」
170	「あぁ、そのとおりだ。……すごく大事な話なんだ」
173	【村人５】「まさか、これからエルフが攻め込んでくるのか？」
176	【村人２】「そんな、まさか……」
178	「それは大丈夫だけど、これからの話は落ち着いて聞いてもらえると助かるかな」
180	俺は集まってきた村人に話をしながら、しっかりと戸締りしてトキワスレの香に火をつける。
182	香に火をつけるとひどく柔らかで優しい香りがした。
184	「実はこれがエルフにもらったものなんだ……」
186	……おっと、俺はなるべく吸い込まないようにしなくちゃな。
189	【村人５】「エルフの贈り物が香？」
191	「……嫌なことを全部忘れられる香だって。実は、俺森でエルフたちと暮らしていたんだ。その話を聞いてくれないかな……」
193	それから俺は、村の連中がゆっくり香をたっぷりと吸い込めるように楽しかった日々の話をした。
195	もちろん気をつけていても俺も香を吸うことになるから、少しづつ色んなことを忘れていきながらだったけど。
198	【村人３】「あれ……何の話で俺たちここに集まったんだったっけ……？」
200	煙が家の中に充満するにつれ、すくい上げた水が指から溢れるように記憶が溢れ出していくのは、不思議なことにけして嫌な感覚ではなかった。
202	忘れるというのは、おそらくけして悪いばかりのことじゃないんだろう。
204	だからトキワスレの花の香りはこんなにも優しい。うっかりすれば身をゆだねてしまたくなるほどに。
206	――気をつけてはいたけど、かなり俺自身も煙を吸ってしまっていた。
208	どんどん忘れていく愛しい記憶。
210	一緒に過ごしたエルフたちとの記憶は相当失ってしまったし、誰よりも忘れたくないと願った愛しい相手の名前すら忘れてしまったけど……。
212	その面影だけは忘れない。
214	顔は思い出せなくても、華奢な肩や柔らかな頬を思い出すたびに幸せな気持ちになれる。
216	たとえそれ以上のことは思い出せなくても。
218	一緒に過ごした日々がかけがえなく大事なものだったのは覚えている。
220	記憶にはなくても、俺は森でずっとエルフたちと一緒に過ごしたんだ。
222	あの時間を取り戻したいと思うには、その記憶だけで十分だった。
240	【村人１】「あれ？　なんだ、何でこんなところに大勢集まって……」
243	【村人２】「っていうか、ここどこだ？」
246	【村人３】「なんかすっきりした気分なんだけど……」
248	村人たちは狐につままれたみたいな顔でお互いの顔を見合った。
250	そして、もちろん俺もなんだってこんなところに人を集めて、エルフに関する記憶を消したのか、どうしてエルフがそんな香をくれたのか、わからなくなっていた。
268	エルフの記憶を村の連中から消した後、俺は王都へ出た。
270	月食の時に出会い、次の満月の前に別れたエルフたち。
272	うっすらとだが、彼らに出会えたのと月食には関係があると聞いたような気がした。
274	だから月食の周期がわかれば、あるいはまた彼らに会えるんじゃないかと、そのために学者に師事することにしたんだ。
276	ほんのわずかな手がかりだけど、そのまま放っておいても何も変わらない。
278	森へ移り住んだことが俺達の出会いを生んだ。
280	だとしたら俺が変わることで、また彼らに会えるような、そんな気がしたから。
282	そして、俺は自分が出した研究の成果を確かめるため、あの森へと戻ろうと先を急いでいる。
300	【学者】「せっかく君が立てた仮説を証明できる機会なのに、君は暇が欲しいというのかね」
302	「申し訳ありません、先生。でも、俺はこのために研究をしていたんです」
305	【学者】「ふぅむ。無理に引き止めるわけにはいかないが、もったいないと私は思うがね」
307	「勝手を言ってすみません」
310	【学者】「今度の観測会で助手ではなく、弟子と紹介するのを私も楽しみにしていたんだがなぁ」
312	先生は深々とため息をついた。
314	学説を打ち立てるほどの学問はそれこそ貴族の子弟でもない限り出来ないものだと思っていたけど、飛び込んでみればよい先生にめぐり合うことが出来た。
316	はじめこそ下男として雇ってもらっていたのだけど、今では助手として可愛がっていただくようになった。
318	それなのに、俺はその研究の結果を観測できるかもしれない時になって、暇乞いをしていた。
320	「これだけの勝手を言っているんですから、破門されるのも仕方がないことだと思っています」
322	先生にしてみれば裏切りも同様の仕打ちだろう。だから、相応の罰を受ける覚悟もしている。
324	ひたすら頭を下げていると、俺の肩にポンと手が置かれた。
327	【学者】「何を言ってるんだ。こんなに優秀で熱心な弟子を破門したりしないよ。休暇をあげるから、目的を果たしたら戻っておいで」
329	「先生……ありがとうございます」
332	【学者】「何、礼には及ばない。才能というものは教育したところでどうにもならないからなぁ。私も学者としての君が惜しいだけだ」
335	【学者】「それで、なんでせっかく月食が観測できるかもしれないっていう時期に、わざわざ休暇を取ろうと言うんだね？」
337	先生が疑問を抱くのは最もだ。だけど、多分エルフのことは他言してはならないのだろう。だから、俺はこう答えた。
339	「理由は……言えません」
342	【学者】「ふむ……」
344	先生は難しい顔をして、ヒゲを撫でた。
346	先生を疑うわけじゃないが、エルフに会えるかもしれないとなれば、誰だって欲が湧く。
348	先生にしても俗な欲が浮かなかったとしても、学術的な探求欲は持つかもしれない。
350	そうなればエルフの領域にまで踏み込んで探求したくなるし、エルフの領域の存在を知った人間はそこから何かえようと欲を出すだろう。
352	だから俺がエルフと暮らしていたことは絶対に誰にも言っちゃいけない。
354	自分だけが知っていることを他言できないというのは思いのほか苦しいものだった。
356	だからエルフは俺に記憶を失うことのできる香をくれたのだろう。
358	今更ながらにそんなことに思い至る。
360	多分、全部忘れてしまえば、また会いたいなんて思わなければ、楽だったのかもしれない。
363	【学者】「興味は尽きないが、無理に聞き出そうとして君が戻ってこないのでは元も子もないか。まぁいい。気が向いたら聞かせなさい」
365	あっさりと引いてくれた先生に俺は驚いた。
367	「先生！？　先生は田舎者の俺にどうしてそんなに良くして下さるんですか？」
370	【学者】「才能ある若者は得がたいものだからだよ。それで物は相談なんだがね……」
389	【粉屋の奥さん】「はいはい、いらっしゃ……あら、もしかして……えー？　何年ぶりになるかしら？　ずいぶん見違えたわね！」
391	「御無沙汰しています」
394	【村人１】「おぉ、ずいぶん久しぶりじゃないか。王都での生活はどうだ？」
396	「雇い主にはずいぶんよくしてもらっているよ。学問もさせてもらってるんだ」
399	【村人２】「へぇ、学者様か。ずいぶんな出世じゃないか」
402	【村人３】「それで急に戻ってきたのは一体どういう風の吹き回しなんだ？　故郷が恋しくなったか」
404	「まぁ、そんなところ。街で暮らしていたら前に住んでいた山小屋が懐かしくなってね」
407	【村人４】「へぇ！　やっぱり学者になろうなんて人間は変わってるなぁ。まぁ、今日ぐらいはせっかく戻ってきたんだし、皆で集まろうや」
409	「そうだな。その言葉に甘えさせてもらうよ」
412	【村人５】「なんだ、ずいぶん丸くなったな。前なら別にいいって断ってたとこだろうに」
414	「そんなのお互い様だ。俺だって大人になったんだよ」
416	村の連中は出世した俺を歓待してくれた。
418	皆には王都での暮らしを聞きたがられたりしたけど、学問ばかりで面白みのない生活は皆をがっかりさせたみたいだ。
420	だけど、学問さえできれば王都で出世できるかもしれない、という話には、皆食いついてきた。特に親になった連中には興味深かったようだ。
422	特に俺が戻ったら、先生の養子になるという話ではみんな色めき立った。
424	出がけに先生が持ちかけたのはこの話だ。
426	まさかこんな田舎出の人間が、貴族の養子になれるだなんてまるで御伽噺だもんな。
444	村の連中が一席設けてくれたけど、やっぱりあまり居心地はよくなくて、俺は適当に言いぬけて早々に休み、翌朝早くからこちらへとやってきた。
446	「ここはあまり変わってないな」
448	俺がここを出て行ってから、訪れる人もないのか厚く埃が溜まっていた。
450	それどころか、以前せっかく直したはずの屋根も破れたりしている。
452	幸い今日は雨が降ることはないだろうからいいけど。
454	「まずは掃除か。……まるで振り出しに戻る、だな」
456	俺は腕を回して掃除に取り掛かった。
458	しばらくまた滞在するつもりだし、屋根も修繕しなきゃなぁ。
460	「なんか懐かしいなぁ」
462	思わずひとりでに笑みがこぼれる。
464	そういえば初めてここに住もうとしたときは、埃どころかどこもかしこもおんぼろで、あちこち修繕しなくてはとても住めたものじゃなかったんだっけ。
466	それに比べれば、積もった埃を掃除することぐらい、なんてことはない作業だ。
468	俺は日が暮れるまで掃除や色々な支度をした。
487	「やっぱり思った通りだ！」
489	月食を観測した俺は歓声を上げた。
491	先生たちもご覧になっているだろうか。俺の計算は間違っていなかった。
493	しかし、生きてる間にもう一度、月が狼に食われる様を拝めるなんて思ってもみなかった。
495	本当は誰かと一緒に観測できればもっと喜ばしかったんだろうけど、そこまでの贅沢は言わない。
497	それに一緒に見たかった誰かなんて面影に残る彼だけだ。
499	「……あとはもうひとつ」
501	俺は喉を鳴らした。
503	月食は観測できたが、もう一つの予測が当たるか外れるか、それは人間である俺には分かりかねることだった。
511	背景：山小屋（夜）（＊変化をつけるため昼にしました）
517	旅の疲れと前日の宴会での気疲れで、俺は月食を観測した後、早めに床に就いた。
519	一晩中でも起きて来訪者を待ちたかったが、とてもじゃないがそんな気力が持たなかった。
521	来訪者がなかったら、明日はこのあたりを探索してみよう。
523	なに、もらった休暇はまだある。
531	背景：山小屋（夜）
537	――夜半過ぎ床のきしむ音がした。
539	その時にはもう、俺はすっかり寝る姿勢に入っていて、誰かが入って来た気配は察したものの、身体は指一本動かせなかった。
547	【？？？】「……人間……かな？」
551	くすくすと楽しそうに忍び笑いを漏らす侵入者。
553	薄く目をあけると、差し込む月の光に照らされた、少年のしなやかな肢体が見えた。
555	……これは夢なんだろうか。
557	いや、それにしては嫌にはっきりと気配を感じるような……。
559	すぐに起きたかったけれど、瞼が重くて……頑張って開けたはずの目もゆるゆると閉じてしまう。
561	（あぁ……眠い。早く目を覚まさなきゃいけないのに……）
564	【？？？】「……ふふふ……くすくすくす……やっぱりニンゲンくんはお寝坊だなぁ〜」
566	「……君、俺のこと知って……」
568	ニンゲンくんと呼ばれるのはひどく懐かしい気持ちを喚起した。
570	そうだ、俺はあの時そう呼ばれていたんじゃなかったか？
572	懐かしさは泥のような眠りにまどろんでいた俺を、眠りの淵から引きずり起こした。
574	「……君、誰？」
576	長く尖った耳、白く抜けるような肌。人間と言うにはあまりにも整った容姿。
578	それは明らかに話に聞くエルフそのもので、初秋の日に輝く清流にも似た銀色の髪をしていた。
580	忘れてしまったけど、俺はこの子を知っている……！
583	【？？？】「……ボクぅ〜？　ボクが誰かってぇ〜？　やっぱり忘れちゃったんだねニンゲンくん。すこ〜しだけ、残念かもぉ〜」
587	【？？？】「ボクは……だよぉ〜」
589	エルフは名乗ったのだろうけど、残念ながらその部分は聞き取れなかった。
591	「……悪い、聞こえなかったからもう一回」
593	そのやり取りも懐かしかった。
595	俺は昔これと同じやり取りをしたことがある。
598	【？？？】「ふふふ、聞こえなかったかぁ〜。やっぱり、君はニンゲンくんだよねぇ〜。ボクは人間で言うなら……木になる……実とか……果物とかぁ〜」
600	誘うような甘い響きのあるこの声を俺は何度も聞いたことがある。
602	「コノミ……そうだ、コノミだ」
604	懐かしくて愛しい相手を俺はぎゅっと抱きしめた。
607	【コノミ】「……思い出してくれたんだ〜。ふふふふふ……」
609	コノミは嬉しそうに笑い声を上げる。
611	「ごめん、でも思い出したよ。ずっと面影だけは忘れなかったけど……ようやく君のこと思い出せた」
613	夢の中では何度も抱きしめた身体。
615	やっと捕まえた。本当に抱きしめることが出来た。
617	確かな感触にやっと俺はこれが夢じゃないと確信できてほっとする。
619	「ずっと……ずっと逢いたかった」
622	【コノミ】「……起きてくれてよかったぁ〜。せっかく遊びに来たのに、久しぶりに会ったニンゲンくんが寝てるだけなんてつまんないからね〜」
624	コノミはあのとらえどころのない笑みを浮かべ、フワフワと笑う。
626	コノミは手で俺の顔を撫でると、観察でもしているみたいに頬をつまんできた。
629	【コノミ】「人間て、本当にすぐ変わっちゃうんだね〜？　なんだか大きくなった〜？　あと、髭も濃くなったかも〜」
631	感心したようにコノミはいって、そのまま頬をぺちぺちと軽く叩くようにしてきた。思わず俺は苦笑してしまう。
633	「あれから何年経ったと思ってるんだ。人間が成長するには十分すぎるぐらい、時間が経ったんだよ」
636	【コノミ】「そなのかぁ〜、ボクは結構すぐまた会えた気がするけどな〜」
638	コノミは嬉しそうにクスクスと笑いながら、俺のあちこちを観察した。まるで間違い探しでもしてるみたいだ。
640	「それにしても……長くてとがった耳だよな」
643	【コノミ】「ひゃんっ！？」
645	耳に触るとコノミはくすぐったそうに身を縮こまらせた。
647	懐かしい感触だ。いつまででも触っていたくなる。
650	【コノミ】「あ……耳……くすぐった……んっ……」
652	さわさわと、しなやかな耳に触っていると、コノミは甘い吐息を漏らした。
654	「だんだん思い出してきたよ。忘れちゃったことはたくさんあるけど、コノミのことだけは忘れなかった」
657	【コノミ】「ふふふ……ニンゲンくん……ちゃんとお約束守れたんだ〜……じゃあ、ご褒美上げなきゃダメだよね〜」
659	コノミは嬉しそうに俺の足元にしゃがみこんだ。
674	【コノミ】「おぉ〜、ニンゲンくんのおちんちんだ……もごっ……んふふふふ」
676	コノミは俺のものを引っ張りだすといきなり咥えこんだ。
679	【コノミ】「んくっ……ぷはっ……げほっ……んむぐぅ〜」
681	「こらこら、いきなりそんなにむせるほどがっつくなよ」
690	【コノミ】「ふふ……だってぇ〜……ニンゲンくんのおちんちん久しぶりなんだも〜ん」
692	コノミは愛しげに肉棒へ頬を擦り付けてきた。
694	すべすべした頬はどこも引っかかるところがなくて、なんとも柔らかい。
696	その滑らかな感触のおかげでドクドクと肉幹に血液が流れ込んでいくのをありありと感じる。
698	「……俺にご褒美じゃないのか」
701	【コノミ】「ん〜？　ボクもニンゲンくんのこと覚えてたから〜、ボクにもご褒美くれていいでしょ〜？」
704	【コノミ】「んふふふふ〜、ニンゲンくんのこゆ〜い匂いで胸いっぱいになっちゃう〜。この匂い好き〜。すりすり〜。ボクのホッペに匂いついちゃいそ〜」
706	「頬ずりも結構気持ちいいな」
709	【コノミ】「ふふ、ニンゲンくん。ほっぺ気に入った〜？　ボクも〜ニンゲンくんのおちんちんの感触好きだよ〜？　カチカチでぷにぷに〜」
712	【コノミ】「お口に入れた時の感じも好き〜。先っぽのとこがすべすべしてて、表面がぴーんとしてて舐めてると気持ちいいんだ〜」
722	【コノミ】「はもっ……んふふふ……じゅるじゅるっ……ちゅうぅ……ちゅるぅるるる……」
724	卑猥な音を立てながらコノミが猛々しい肉棒を吸い上げる。
726	口に収まりきらないそれを無理やりくわえ込んでいるせいで、隙間からとろとろとよだれが溢れる。
729	【コノミ】「ちゅうちゅう……んくっ……じゅるぅ……さきっぽからしょっぱくて美味しいの出てくる〜……ちゅくっ……これ、好きぃ……」
731	ねっとりとしゃぶりつかれれば、先走りの汁はあとからあとから溢れてくる。
734	【コノミ】「んぐっ……んくっ……はむぅ……にゅぷっ……じゅむぅ……んくっ……ふふ……腰、びくんびくん、って跳ねてるよ〜？　そんなに気持ちいい〜？」
736	「あぁ……そんなに美味しそうに舐められると、すごく気持ちいいよ」
739	【コノミ】「ふふふ……だって、美味しいもぉん〜……じゅるっ……ちゅぱっ……鼻の奥まで……ニンゲンくんの匂いするよぉ〜……全部ニンゲンくんの匂いになる〜」
742	【コノミ】「れるれるちろちろ……ちゅるぅ……れろぉ……んふふ……んっんっんっ……くふっ……んぐぅ……」
743	俺の肉棒をくわえ込んだ小さくて柔らかな唇が、上下に激しく動きながら幹の部分を扱いてくる。
746	【コノミ】「ニンゲンくんは〜、このくびれたとこと〜、裏の筋のところ、じっくりペロペロされるの好きなんだよね〜？　じゅるるるぅ……ちゅむぅ……」
748	「……っあ、それ……い……いいぞ」
750	敏感な部分の中でもさらに敏感な箇所をちろちろ丁寧に舐めまわされると、あまりの快感に鈴口がくぱくぱと開くような感覚すら覚える。
753	【コノミ】「ふふぅ……ちゅぅ……ニンゲンくんの気持ちいいとこもちゃんと覚えてたぁ〜……じゅぷっ……んくっ……ちゅぱぁっ……ぢゅむぢゅむっ……」
756	【コノミ】「さきっぽのしょっぱいの出るところも丁寧にペロペロしてぇ〜……ちゅくっ……この穴のところ、舌が擦れて気持ちいい……ふふっ……」
758	時折、唇から解放される亀頭はてらてらと淫らに濡れ光っていた。
761	【コノミ】「れろれろ〜……んちゅっ……じゅぷぅ……んちゅ……じゅぷっ……んふふふ……ちゅくっ……ぺろぺろ……ちゅるるるる」
763	弄ぶように楽しそうにコノミは俺の肉棒を啜っている。
765	「それ以上されると……出ちゃうから、そろそろ……」
768	【コノミ】「……ふふふふ。そろそろ、なんだろ〜？　んくふぅ……んあっ……」
770	コノミは楽しそうに笑うと、さらに喉の奥まで肉棒をくわえ込んだ。
772	「あっ……こらっ……」
775	【コノミ】「じゅじゅじゅ〜……ちゅぱぁ〜……じゅぷっじゅぷっ……んくふっ……ふふふ」
777	「ま、待てって……俺のこと先にイかせる気か」
780	【コノミ】「ふふふ〜……お口からもおしりからも、ニンゲンくんをいっぱい感じたいんだよ〜？　っじゅぷ……じゅぷっじゅううううううっ」
782	肉棒に舌を添わせたまま唇を上下させ、強引に吸い上げられると、蓄積された快感が背中を駆け上がる。
785	【コノミ】「……んぶっ……んくっ……んっ……むぐ……んぐ……くふぅ……」
800	肉棒は痙攣しながら、粘りつくほどに濃い白濁液をコノミの口の中に吐き出していく。
802	コノミは嬉しそうに俺の射精を喉で受け止めた。
804	それどころか、吐き出された精液を味わうように、射精している最中の肉棒へむぐむぐと舌を押し付けている。
805	精液は尿道から絞り出され、吸い上げられ、一滴残さずコノミの口に吐き出されてから、飲み込まれた。
814	【コノミ】「ぷはぁ……すごいねぇ〜ニンゲンくんの精液、濃くてドロぉ〜ってしてたから、喉に絡みつくかと思ったよぉ〜」
816	「……先にイっちゃったら、コノミのこと満足させてあげられなくなっちゃうかもしれないぞ」
818	一応そうは言ってみたけど、久しぶりなせいか俺のものは少しも萎える様子がなく、何度でも出来そうな気がする。
821	【コノミ】「えへへ〜、ボクニンゲンくんのことちゃ〜んと、いろいろ覚えてたでしょ〜？　だから、ご褒美くれなきゃダメだよ〜？」
823	コノミは唇の端についた精液を見せつけるように舌で舐め取りながら、俺の上にまたがってきた。
832	【コノミ】「大丈夫だよぉ〜、ニンゲンくんの出したばっかりなのに、まだこんなにカチカチなんだから〜」
834	コノミは纏っていた着衣を脱ぎ捨てると、俺の上にまたがった。
842	【コノミ】「んふぁ……ニンゲンくんのが、ボクのおしりの穴こじあけてぇ〜……あはっ……本物のニンゲンくんのおちんちん……」
844	ロクにほぐしてもいないソコが俺のモノで押し広げられていく。
846	「久しぶりなのにずいぶん柔らかいな」
854	【コノミ】「だってぇ〜、ニンゲンくんのこと思い出しながら、ボク自分でいっぱいしてたもぉん……でもやっぱり本物のおちんちんの方がずっといい……はふぅ」
856	入口の浅いところで、焦らすようにカリ首が引っかかる感触をコノミは楽しんでいる。
858	俺の方もイったばかりの亀頭だけを締め上げられ、こすられるのは、苦しいくらいに気持ちよかった。
866	【コノミ】「あ……あはっ……入ってきちゃうぅ……もっと奥まで入れてい〜い？　あっ……おなかの中……おちんちんでいっぱいにされちゃうぅ〜……」
873	ずぐぅ……と肉棒がコノミの中に姿を消していく。
875	「あっ……気持ちいいよ……コノミの中、すごく熱い」
883	【コノミ】「……うん、ボクもぉ……ニンゲンくんのおちんちんもすっごくあっついよぉ〜……はぁう……おなか……苦し……けど……いいっ……」
885	たまらずにコノミを下から突き上げる。
893	【コノミ】「っは……ボク、ニンゲンくんのおちんちんで串刺しにされちゃってる〜、いいよぉ〜……もっと、もっとしてぇ〜……あんっ……はぁん……」
895	力が抜けたのかコノミの体がすとんと落ちて、肉槍を根元まで美味しそうに飲み込んだ。
897	限界まで口を開いているように見えるソコの手前で、体を上下させるたび、可愛らしいおちんちんがプルプルと揺れている。
899	誘うように弾む幼茎の先端をちょんとつつくと、コノミは大げさなくらいに体を震えさせた。
907	【コノミ】「触っちゃ……だめぇ……とけちゃぅう……おちんちんとおしりの穴からボク溶けちゃうよぉ……」
909	「そんなに気持ちいいの？」
917	【コノミ】「うん。すっごく気持ちいい……はぁ〜……あんっあぁんっ……揺さぶられて、奥の方ごりごりごりぃっって擦られてるぅ……」
925	【コノミ】「おしりひろがってぇ……めくれちゃぅう〜……くぅ……ふぅん……あっあっあっ……はぁん……ニンゲンくん、ニンゲンくんも気持ちいい〜？」
927	「うん、俺もすごく気持ちいいよ」
930	【コノミ】「おなかの中で……ニンゲンくんの〜……おちんちんぴくぴくしてるぅ〜……あはっ……いっぱい突き上げて……グチュグチュっておなかの中かき回して〜」
932	下から激しく突き上げると、それに合わせて熱くトロトロのコノミの腸内が肉棒に絡みついてくる。
940	【コノミ】「こつんこつん、て内側をニンゲンくんの先っぽがつっついて……はぁうんっ……おちんちん中からこしゅこしゅされてるぅ……」
943	【コノミ】「気持ちいいよぉ〜……やっぱり、ニンゲンくんのおちんちんすっごく気持ちいい〜……こすってぇ……いっぱいこすってぇ……」
945	くねるような動きにあっという間に昂ぶりが射精欲求へと進化していく。先ほどコノミの口に出していなかったら、もっと早かったかもしれない。
947	「……また、イキそう。出そう」
949	俺が告げると、コノミは喜んでさらに体をクネらせた。
957	【コノミ】「はぁん……はぅん……中に出してぇ……精液いっぱい……おなかの中に出してぇ……ボクのこと、ニンゲンくんの精液でいっぱいにしてぇ」
959	自分の突き上げと合わさって予測のできない動きに、ややもすれば翻弄されそうにすらなる。
961	俺はなんとか自分の調子を捕まえて、さらにコノミを突き上げてやった。
963	「っ……く、いくよ」
971	【コノミ】「うん、きてぇ、きてぇ……！　ボクも、ボクもいっちゃうぅ〜！！」
973	動きにくい姿勢から、トロトロの腸に叩きつけるように抽送の速度を上げていく。
975	あっという間に快感は絶頂まで達し、射精の予感が訪れた。
977	「っあ……ぐぅっ……」
985	【コノミ】「ひゃぁっ……中で……びくんって……ボクもい、イクッ……」
987	しりに力を込め、打ち上げるようにコノミの中へ精を解き放つ。
1002	勢いよく注ぎ込まれる熱い精液に、コノミも射精しながら歓喜の声を上げた。
1018	【コノミ】「あぁっ……熱いの……流れ込んで……きたぁ……あはぁ……擦られて熱くなってるとこに……染み込んじゃうぅ……」
1021	【コノミ】「こねくられながら注ぎ込まれてるぅ……精液いっぱい出ちゃうよぉ……おしり熱くて、ボクとけちゃうぅ〜」
1036	【コノミ】「はい、ニンゲンくんあ〜ん」
1038	俺の膝の上に載ったコノミが、剥いた果物を俺に差し出してくれる。
1040	「……」
1042	パクリと指ごと口に含むと、コノミは楽しそうな笑い声を上げた。
1050	【コノミ】「あはははは、指ごと食べちゃダメだよ〜。くすぐったいよ〜？」
1052	コノミは俺の膝の上で楽しそうに体を揺らしていた。
1055	【コノミ】「やっぱり〜、エッチなことも気持ちいいし〜、ニンゲンくんと一緒にいるのは気持ちいいね〜？」
1057	「そっか。俺もコノミといるのは楽しいよ」
1065	【コノミ】「ボクねぇ〜、エッチも好きだけど〜こうやって繋がってなくても抱っこしててもらうのも好きだよぉ〜？」
1067	コノミは幸せそうに俺を見上げた。
1070	【コノミ】「ニンゲンくんはぁ〜、変わっちゃったけど変わらないね〜？　やっぱりボクのこと、すっごく気持ちよくしてくれるんだ〜」
1072	エルフは変わらない、だけど人間は変わる。コノミはそう言った。
1074	変わり続ければ、一度別れた道もきっと何度でも交差する。
1076	変わらぬ気持ちを大事にして、俺は何度でもコノミに逢いに来る。
1078	変わるものも変わらないものも、かけがえのないものなのだから。
1080	「コノミと離れてる間、俺にはいろんなことがあったよ。色んなことを勉強したんだ。いつ、月が狼に食われるか、とかね」
1088	【コノミ】「ほぉおおおおお〜？　すっごいねぇ〜？」
1090	「今、俺は王都に住んでるんだ……今度は君のことを次の月食で戻してあげられると思うから、それまで俺と一緒に過ごさないか？」
1092	それは賭けのようなもの、気まぐれなエルフを縛り付けてしまう約束。
1094	だけど、コノミは楽しそうに俺に体重を預けた。
1102	【コノミ】「それはいい考えだね〜。ボクもニンゲンくんともっと一緒にいたいな〜って思ってたんだ〜じゃあ、トキワスレの香いっぱい持ってかなきゃね〜」
1104	限られた時間だけでも一緒に過ごせるとしたら、それはどれほど素晴らしいことだろう。
1106	「王都には楽しいものや綺麗なものがたくさんあるよ。きっとコノミも気にいると思うよ」
1109	【コノミ】「それは楽しみだね〜」
1111	コノミは笑って手足を伸ばすと、俺の顔を見上げた。
1122	【コノミ】「でもいっちばん楽しみなのは〜、ニンゲンくんとずっと一緒にいられるってことかな〜？」
1125	【コノミ】「ボクね〜、ニンゲンくんのことが大好きだよ〜？」
