11	「……戻らない」
13	ずっと馬鹿にしてきたくせに、今更認められても、という気持ちは必要とされ認められても拭えない。
15	それは子どもっぽい意地なのかもしれないけど、どうしても譲れなかった。
17	むしろ、その打診が俺の腹を決めたような気がする。
19	俺がいなければ困るというのなら、困ればいい。
21	馬鹿にされたり軽んじられた意趣返しというのは器が小さいかもしれないが、これまでされたことを水に流せるほど俺は心が広くない。
23	字なんか読めたって仕方がないと言っていた連中なんだ。字が読めないせいでどうなったって知るもんか。
25	もう、俺はあの村には戻らない。
32	【ツキヨ】「村には戻らないです？」
34	「せっかくだから、皆が勧めてくれた通りに学者を目指して大きな町に行こうと思うんだ」
36	たとえ学者になれなかったとしたって、大きな町なら小さな村とは違って、一人で身を立てるすべぐらいいくらだってあるだろう。
38	町で暮らせなかったら別の村に行ったっていい。そもそも居場所がなかったところに戻る必要なんかないんだ。
41	【ツキヨ】「はわ……それじゃ、ニンゲンさんも行くです？」
43	「うん、決心が鈍らないうちに行こうと思う。そうだ一緒に行こうか。すぐに支度をしよう」
50	【ツキヨ】「……はい、です」
66	荷物をまとめるのは簡単だった。
68	持っていくものといえば村を出てきた時と同じ最小限の荷物と、エルフからの贈り物、売ってお金にするために作った細工物くらいだ。
70	これだけあればどんなに町の物価が高くても、しばらく暮らしていくには困らないはずだ。
72	この小屋にある本は名残惜しいけど、エルフにもらったお宝があれば、町に出たらいくらでも買い求めることができるだろう。
79	【ツキヨ】「お荷物いっぱいです」
81	「……ツキヨは手ぶらでいいの？」
88	【ツキヨ】「はわ？」
90	何を言われているのかわからないというふうにツキヨは首をかしげる。
92	ツキヨが身につけているのはいつもの服といつもの布、それだけだ。
99	【ツキヨ】「何か、いるです？」
101	「ツキヨがいらないなら別にいいけど……」
103	何かを食べる必要もなく、どこでも眠れるエルフには、旅にも必要なものなんてないのかな。
105	そういえばここに来るようになってからも、俺のための手土産はあっても、特に荷物なんて持ち込んではいなかったっけ。
107	長い旅になるから、俺だってなるべく荷物は減らそうと思ったけど、人間の身としてはそこまではなかなか思い切れない。
109	「まずはどこに行くつもりなの？」
116	【ツキヨ】「大きな森を探してみるです。人間がいるところにはエルフもダークエルフも暮らしてないと思うです。だから、人間がいないところを探すです」
118	「なるほど。それなら、ここから一番近い森はこっち側に進むかな」
120	俺は入手した地図で確認しながらツキヨに教えてあげた。
122	俺はこれから王都を目指すので、最寄りの森がある方角とは反対方向だ。
129	【ツキヨ】「時間はいっぱいあるです。見つけたところから順番に調べてみるです」
131	鼻息も荒く、ツキヨが宣言する。
133	「気が遠くなりそうだなぁ」
136	【ツキヨ】「頑張って調べたら、きっといつか見つかるです」
138	ツキヨは気合を入れるみたいに元気よく拳を握った。
140	……エルフには人間から見たら無限じゃないかってぐらい時間があるんだもんな。
142	「……その前に人間に捕まらないように」
149	【ツキヨ】「はわ？」
151	「イバラが言ってたろ、人間にはエルフ狩人って奴らがいるって。閉じ込められちゃったらダークエルフを探しにいけなくなるぞ」
158	【ツキヨ】「ふわわわわわわ、気をつけるです」
160	「人間に見つかりそうになったら、その布をかぶって耳を隠すんだよ」
167	【ツキヨ】「はいです。でも……」
169	ふんわりとツキヨは笑った。
176	【ツキヨ】「もしニンゲンさんみたいな人間に会ったらお友達になりたいです」
178	「ツキヨ……」
180	出会えるといいな、と答えかけて首を振った。
182	「いやいや、相手がどんな奴かわからないぞ。人間は簡単に信用するな。見かけたら身を隠すんだ。優しそうだからってすぐに信じちゃダメだぞ」
185	【ツキヨ】「ふふふ、人間なのに人間信じちゃダメなんておかしなこと言うです」
187	「疑ってかかるぐらいでちょうどいいんだよ。人間なんておっかないやつばっかりなんだから」
189	……本当は俺以外の人間には、ツキヨに懐いてなんて欲しくない。
191	そんな気持ちもあることはとてもじゃないけど言えない。
194	【ツキヨ】「じゃあ、仲良くなった人間がニンゲンさんでよかったです」
196	俺だって別にそんなに信頼に値する人間かどうか……でも、ツキヨがそこまで信じてくれているのはくすぐったくもある。
198	「それから……」
200	他に何かかける言葉があるんじゃないかと、思い悩んでおかしくなった。
202	ようするに俺は名残惜しくて仕方がないんだ。
204	「……俺、ツキヨについていこうかな」
211	【ツキヨ】「はわ？」
213	「俺もツキヨと一緒にダークエルフ探して放浪するの。どうかな？」
220	【ツキヨ】「ニンゲンさん、ダークエルフじゃないです。ダークエルフ探してどうするです？」
222	「それは……わからないけど、ツキヨひとりより早く見つけられるかもしれないよ」
225	【ツキヨ】「んー……」
227	ツキヨはしばらく考え込んでから首を横に振った。
234	【ツキヨ】「いいです。ひとりで探すです」
236	ツキヨはきっぱりと言った。
243	【ツキヨ】「ニンゲンさんは、学者になるです。人間の時間はエルフの時間よりずっとずっと短いです。だから、一緒に来ちゃダメです」
245	「ツキヨ……」
251	ツキヨはたたたっと俺から距離をとると手を振った。
267	【ツキヨ】「一緒にいられて楽しかったです。でも、今はバイバイです」
269	にこっとツキヨは笑う。
272	【ツキヨ】「いっぱいいっぱい、色んなこと、教えてもらったです。きっと学者になれるです。頑張ってです」
274	ツキヨの目は俺のことを信じきっている。
277	【ツキヨ】「ツキヨはダークエルフ、探すです。学者になったら探しに来るといいです。そしたら、きっとまた会えるです」
279	「……ツキヨ」
282	【ツキヨ】「だから、その日まではさよなら、です」
284	一度とった手を離さずにいれば、もっとずっとそばにいられただろうか。
286	でも、自分の道を歩き始めたツキヨはとても眩しく見えた。
288	……その輝きを邪魔しちゃいけない。
291	【ツキヨ】「きっとまた、会える、です」
293	何一つ疑うことなく、ツキヨは朗らかに笑う。
295	ツキヨがこんなふうに笑えるようになったのは、俺と出会ったからだと信じてもいいかな。
297	それなら俺にも存在意義のひとつぐらいあったかもしれない。
300	【ツキヨ】「そしたらまたずっと一緒にいるです」
302	「……うん」
305	【ツキヨ】「また、会う日までさよならです」
