11	「いや、戻らないよ」
13	俺はきっぱりと答えた。
20	【ツキヨ】「戻らない……です？」
22	「せっかく戻って来いと打診はしてもらったけど、その気になったんだ。本当に学者を目指してみようと思う」
24	村の連中には申し訳ないけど、長老たちだって今日明日に死ぬってわけじゃないし、今のうちに字が読めるようになっておいて悪いことはないだろう。
26	俺を必要としてくれたってことは、それなりに学問の必要性も認めてくれたって事なんだから、他にも文字を覚えようって奴が出てきたっておかしくない。
28	それに俺が学者になったら、本が読めたって何にもならないなんていってた連中も見返すことが出来て痛快じゃないか。
35	【ツキヨ】「学者、目指すです？　それがいいと思うです。本読んだり、調べたり楽しそうだったです。楽しいのがきっといいです」
37	「とりあえず、村に挨拶をしてそれから町に出るよ。それでさ……」
64	【ツキヨ】「なんかいっぱいもらってたです？」
66	「餞別だってさ。ほとんどツキヨにもらったものだよ。だから後で分けようね」
73	【ツキヨ】「ツキヨにくれたです！？」
75	ツキヨは不思議そうな顔をする。
81	雑貨屋の息子や取り巻き連中も、以前いわれのない疑いをかけてツキヨを囲んだことに罪悪感を覚えていたらしい。
83	彼らが魔物に両親を食われたツキヨを不憫に思って、俺が共に暮らしていたと吹聴してくれたおかげで、みんな餞別を弾んでくれた。
85	俺が身寄りのない子と山小屋で暮らしていると、もう村のほとんどのものが知っていた。
87	それをいいことに、村にはツキヨの親類を探しに行くといって出てきたのだ。
89	だから、正しくツキヨに貰ったようなものだ。
91	嘘をついたのは少し心苦しくはあるが、せっかくのみんなの気遣いなんだしありがたく頂いていこう。
93	一応代わりと言ってはなんだが、山小屋にたくさん本があることは伝えてきた。
95	本は高価なものだし、きっと森に火をかける前に運び出して、役立ててくれることだろう。
97	俺が持ち出してきた本は、ツキヨと一緒に記した自分で記録を書き込んだものだけだ。
99	一応、俺がエルフと一緒に暮らしていたなんてばれたらまずいし、それにこれはかけがえのない思い出の記録でもあるから手放すわけにはいかないしな。
101	「嘘に付き合わせてごめんね」
103	村の連中も悪い連中じゃ、ない。
105	ただ少しばかり、排他的で用心深いだけだ。だから異質なものに対する警戒心が高い。
107	学問に対する嫌悪が強いのもそのせいだろう。学問とは自分が知らないこと、新しいことを知っていく過程だから。
109	時として今まで自分が持っていた常識を打ち消す作業だから。
111	学問に偏見のある村の連中に学者になりたいから王都を目指すなんて言ったところで、理解してもらえるとは思わない。
113	だから、ツキヨの親類を持ち出した。円満に村を出る言い訳にツキヨを使ったようなものだ。
115	……黙って小屋を出ても良かったけど、せっかく認めてもらったのに後足で砂をかけていくようなことはしたくなかった。
117	以前の俺なら、迷わず黙って出て行っていただろう。俺はツキヨを始め、エルフたちと過ごしたことで少し変わったのかもしれない。
124	【ツキヨ】「大丈夫です。ツキヨがダークエルフ探しに行くのは本当です。人間が言う親類みたいなものです。それに……」
126	「それに？」
133	【ツキヨ】「居てもいい、って言ってもらえて嬉しかったです」
135	魔物に両親を食われたという嘘の素性を不憫がった村の連中は、村に残って暮らせばいいとツキヨにも言った。
137	もちろん、エルフだとバレないように気をつけたからこその言葉だろうが、村の連中はツキヨに心からの同情を寄せていた。
139	見送る時にもこんな言葉をかけたものは多かった。もし親類がみつからなかったら、いつでも戻ってくればいい、と。
141	「……本当にするか」
148	【ツキヨ】「え？」
150	「ツキヨ、ダークエルフって探すあてがあるのかい？」
157	【ツキヨ】「ん〜ん、ないです」
159	ふるふるとツキヨは首を横に振る。
161	「じゃあ、さ。俺と一緒に探さないか？」
163	ツキヨに手を差し伸べる。
170	【ツキヨ】「ふぇ……？　で、でも……学者に、なるんです？」
172	「もちろん学者を目指すよ。でも、人間にもきっとダークエルフのことを調べた奴もいると思うんだ」
179	【ツキヨ】「はわ……！？」
181	「なんの手がかりもなく探すより、人間が残してる資料も合わせて調べたほうがずっと見つかりやすくなると思わないか？」
184	【ツキヨ】「はわー……」
186	「だから、一緒においでよ。ツキヨには少し遠回りになっちゃうかもしれないけど、やみくもに探すよりは効率がいいかもしれないよ」
193	【ツキヨ】「やみくもに探すより……？」
195	「それに、俺が生きる時間なんてエルフにしてしてみたらあっという間に終わっちゃうだろ？　そのぐらいの時間、俺と一緒に過ごしてみるのはどうかな？」
198	【ツキヨ】「……です。でも……勉強したいこと、あるです……？」
200	「うん、あるよ。たくさん、山ほどね。できるならこの世のすべてを知りたい」
207	【ツキヨ】「だったら、勉強したいこと、勉強するのがいいです」
209	ツキヨはおずおずと遠慮するように言った。ツキヨに差し伸べている手は、間抜けに中空をさまよっている。
211	「人間には時間が限られてるんだ。たくさんのことを学ぼうと思ったら、指標があった方が効率がいい」
218	【ツキヨ】「しひょう、ってなんです？」
220	「目標……いや、目印って言ったらいいかな。何かを探す時、目印があったほうがわかりやすいだろう？」
227	【ツキヨ】「はい、です。目印があると捜し物しやすいの、ニンゲンさんと一緒に研究しててわかったです」
229	「俺は、その目標をダークエルフにしようと思う」
236	【ツキヨ】「ダークエルフのこと、知りたいです？」
238	「うん。……ツキヨのことをもっと知りたいからね」
245	【ツキヨ】「はわ……？　ツキヨのこと、知りたいです？　ど、どうしてです……？」
247	「ツキヨのことが好きだからだよ」
250	【ツキヨ】「はわ？　好きだと、知りたくなるです？」
252	「だから、一緒に行こう」
259	【ツキヨ】「ツキヨも……もっとニンゲンさんのこと、知りたいです。一緒に行ってもいいです？」
261	「あぁ、もちろん。どこまでだって一緒に行こう」
282	俺が差し出した手を、今度はツキヨも断らなかった。
284	小さな手でしっかりと握り返し、幸せそうに笑う。
292	【ツキヨ】「嬉しいです。もっと、一緒にいられるです」
294	「うん、俺も嬉しいよ」
296	顔を上げれば、どこまでも続く道。この道の向こうに新しい生活が待っている。
298	「大きな町ならエルフを飼っているお金持ちもいると思うんだ。でも、一応耳は隠しておいたほうがいいかもしれないな」
306	【ツキヨ】「はいです。エルフ狩人がいるかもしれないです」
308	辺境の村よりもずっとエルフについて知っている人間も多いだろうけど、その分ただの『財産』としてしか見られないのもありうる。
310	「もしそういう連中に出会ったら、ツキヨの所有者は俺だって言ってもいいかな？」
318	【ツキヨ】「もちろんです。ツキヨはニンゲンさんのです」
320	ほのかに後ろめたい俺の言葉をツキヨは全力で肯定する。
322	「そういうモノ扱いみたいなのって、嫌かなと思ったんだけど……」
330	【ツキヨ】「ニンゲンさんはきっと大事にしてくれるです。それだったら、モノでもいいです。他の誰かのモノになるんだったら嫌です」
332	「耳さえ隠せば、遠い異国風の風貌にも見えるだろうし、かえって誤魔化しやすいかもしれないな」
335	【ツキヨ】「異国風……です？」
337	「違う国から来たと思わせておけばエルフだと気がつかれなくて済むかもな」
345	【ツキヨ】「異国風、っていうことは話す言葉とかも違うです？」
347	「んー……そうだなぁ……」
349	しっかりと手をつないだまま、俺たちはこれからのことを話しながら町を目指す。
351	空はどこまでも高く青く澄み渡って、まるで俺たちの門出を祝福してくれているかのようだ。
353	この空の向こうにも、きっといいことが待っている。
357	俺は確信していた。
394	「……ん。この記述、以前にも似たようなものを見た気がするな……確かあれは……うわぁっ！？」
396	考え事をしながら手を伸ばしたら、積み上げていた本の山を崩してしまった。
403	【ツキヨ】「……何やってるです？」
405	「本をとろうと思って……」
408	【ツキヨ】「見ないで何かしようと思ったら危ないです。そこに小刀や書くものがあったら怪我しちゃうです」
410	「めんぼくない」
417	【ツキヨ】「それで、どの本がいるです？」
419	「迷いの森東にある村の伝説が書いてあった奴」
422	【ツキヨ】「赤い革の背表紙の奴です？　あったです。親切で不思議な人々、です」
424	「あ、そうそう、それそれ」
431	【ツキヨ】「本は片付けておくです」
433	「悪いな、ありがとう」
436	【ツキヨ】「いいえです。助手の役目です。お礼なんかいらないです、先生」
448	渡された本をめくりかけて、顔を上げる。ツキヨは微笑んでいた。
450	「……明るくなったな」
453	【ツキヨ】「ほえ？」
455	「町に来てツキヨがすっかり明るくなったから、来てよかったなと思って」
457	初めて会った時のおどおどした感じはもう受けない。
459	今となっては、来客への応対も任せてしまえるぐらいにツキヨは明るく強くなった。
462	【ツキヨ】「先生が頑張ってるの、お手伝いするの楽しいです」
464	「早くダークエルフの集落を見つけなくちゃいけないからな」
467	【ツキヨ】「あは。早く見つかるといいです。先生がまた褒められるです」
469	「……その、先生って言うのもすっかり馴染んだな」
472	【ツキヨ】「だって、先生は先生です。えらーいんです♪　ふふふふふ」
474	自分のことみたいに嬉しそうにツキヨは笑った。
483	先生……俺のことだ。
485	村を出てからかなりの月日がたった。
487	あれから俺は熱心に勉強をして、王都で学校に入り、さらに勉強を続けた。
489	専攻はもちろんエルフの研究。その中でも、先行研究の少ないダークエルフが俺の専門だ。
491	まだダークエルフの集落は見つかっていないけど、ツキヨのためにも早く見つけたいと思っている。
493	今行っているのは、今度調査旅行に行く土地がダークエルフの集落に近いのではないかという補強研究だ。
495	「あぁ、あったあった。こっちを著した人物の出身地と、この伝承の位置を照らし合わせると……うん、やっぱり近いな」
504	【ツキヨ】「何かわかったです？」
506	「うん。今度の調査旅行はかなりいい線を行きそうだ。この間の仮説の裏づけが取れるといいな」
508	今までにも、何度か各地に調査旅行に足を運んでいるが、今度こそ芳しい結果が得られそうだ。
511	【ツキヨ】「はいです！　あぁ、そうです。調査旅行の日程ですけど、角の商人さんの息子さんが同行したいって言ってるです」
513	「うえぇ……断りたいなぁ。学生連れて行くだけでも一苦労なのに部外者の参加はなぁ」
516	【ツキヨ】「そんなこといっちゃダメです。調査旅行のお金出してくれるです」
518	「けど、あそこの親父、最初はツキヨのこと奴隷にするって買い取ろうとしたんだぞ」
521	【ツキヨ】「でも売らなかったし、その後はわかってくれたです。研究に必要なお金も出してくれるし、親切で良い人です」
523	少しエルフであるツキヨを見下したところはあるけど、それはエルフに対する一般的な偏見だったりもするし、確かにいい人ではあるんだよな……旦那肌というかさ。
525	「ツキヨがそういうなら、それでもいいけど……ツキヨにかかると、皆いい人になっちゃうな」
528	【ツキヨ】「先生の周りにはいい人ばっかり集まるです。だから、皆いい人です」
530	現状、エルフと共に暮らしている人間はエルフ商人からエルフを買い取った連中ばかりだ。
532	エルフはペットか奴隷という風潮は珍しくもない。
534	そんな中で普通のエルフよりもだいぶ小さいツキヨとともに暮らしている俺は、かなり奇異な目で見られてきた。
536	当初はツキヨがエルフだってことは慎重に隠していたが、ひとつの町で長く暮らしたりすると流石に少しずつバレていく。
538	その度に、譲って欲しいと言われたり、時には強奪されたりしそうになるけれど、俺はけしてツキヨを手放さなかった。
540	安心してツキヨを人前に出せるようになったのは、ようやく最近になってになってのことだ。
542	学校を卒業し研究職に従事してからというもの、ツキヨは俺の助手としてかなり優秀にやってくれたし、俺が奴隷や愛玩動物として接しないから周囲もそれに慣れた。
544	今では周囲の人々も、ツキヨのことは立派に俺の助手として扱ってくれる。
546	もちろん俺だって、ずっと一緒にやってきたツキヨを奴隷だの愛玩動物だのなんて目では見られない。
548	今となっては大事な相棒だ。
550	人間の俺にとってはそのぐらい長い月日をツキヨとは一緒に過ごしてきた。
552	「しかし、調査旅行にそんなにたくさん他人を帯同するとなると、ツキヨといちゃいちゃ出来ないじゃないか」
555	【ツキヨ】「仕方ないです。先生の研究が大事です」
557	「そんなつれないこというなよ。ふたりっきりで旅行のほうがいいだろう？」
560	【ツキヨ】「です……ですけど、いちゃいちゃはいつでもいっぱいできるです？」
562	「そうだな。こうやってね」
565	【ツキヨ】「きゃっ！？　先生！？」
573	俺はツキヨに抱きついて、机の上に押し倒し挿入した。
575	数えきれないくらい可愛がり、すっかり俺になじんだそこは心地よく俺を受け入れてくれる。
578	【ツキヨ】「あぁん……先生、いきなり入れちゃダメです……」
580	「だってツキヨが愛しくなってさ」
586	【ツキヨ】「んあっ……あぁんっ……」
588	ぐいっと中を突き上げた拍子に机の上にあった何かが音を立てて落ちる。
591	【ツキヨ】「あ、あぁっ……な、なんか落ちたです？」
593	「あー、後で拾えばいいよ」
596	【ツキヨ】「もう、いい加減です……んうぅ……大事なものだったら、どうする……です……はぁん……」
598	「それより今はこっちが大事」
604	【ツキヨ】「ひゃうんっ！？　くすぐったい……です……」
606	すっかり短い髪が馴染んだうなじに唇を押し付ける。
608	「くすぐったいだけ？」
611	【ツキヨ】「くすぐったいだけじゃ……ないです……あぁっ……はぁ……も、もう動くです？」
613	「だよな、だって中がきゅんきゅん気持いいって動いてるもんな」
619	【ツキヨ】「あぁっ……ずにゅずにゅずこずこおちんちんのうらっかわこすられてるですっ……」
621	涙目で見上げられて俺の興奮は高まっていく。
624	【ツキヨ】「あぁっ！？　な、中でおっきく……なった……です……あぁっ……」
626	正面から抱きしめる体位もいいけど、たまにはこんなのも悪くない。
628	無理矢理に犯すように強引に押し倒していると俺の征服欲を満足させる。
631	【ツキヨ】「んんっ……やぁっ……き、気持ち……いいです……中の気持ちいいとこ、ゴリゴリ擦れてるです……んぅうううう……」
633	ツキヨの腸が一枚の膜になって吸い付いてくる。俺の肉棒のすみずみまで張り付いて妖しく蠢く。
636	【ツキヨ】「もっと……あぁっ！　強く……突いてっほしい、です……あぁぁっ、イイですっ、はぁぁ……んっ……あぁっ……」
638	「もっと？　欲張りだな。ほら」
641	【ツキヨ】「あぁっ……ツキヨは欲張りですっ……ニンゲンさん……先生のこといっぱい欲しくてしょうがないです……あぁ、あぁ、あ、あ、あ、あぁんっ」
643	がんがんと掘るように腰を振り立てていると、次第にツキヨの声が高くなっていく。
646	【ツキヨ】「んひぃっ……はぁあああああああああっ……も、もう精液出るですっ」
648	ツキヨの射精が近づいてくると、柔らかな粘膜が波打つように震え、肉の輪がきつく俺のものを締め付け、共に絶頂するのを誘う。
650	ぞくぞくしたものがこみ上げてきた。
652	「っ……イくぞ、もう出すぞ！」
654	キュウ、と射精の合図に睾丸が持ち上がり、その裏がヒクヒクと痛いくらいに緊張する。
656	どくん、どくん、足の付け根から断続的な収縮が始まり、俺は射精した。
670	【ツキヨ】「あぁっ！　な、中……出てる、です……なかにあったかい精液……どくどくっっていっぱい出てるです……」
683	白く汚れのない樹液が研究室の机の上に飛び散った。
685	同時に達したせいで、まるでツキヨの可愛い幼茎から俺が射精したかのような錯覚を覚える。
688	【ツキヨ】「あぁっ……はぁ、はぁ、はぁ……お腹の中、あったかい、です……中に出してもらうの、大好き、です……いっぱい先生のこと、感じられる、です……」
690	ツキヨは幸せそうにうっとりと呟いた。
706	【ツキヨ】「こんなところでエッチしたから、机の上にあったもの落ちちゃったです。それに机のところ、汚しちゃったです」
708	「……ごめん」
711	【ツキヨ】「何で謝るです？」
713	「……いや、なんとなく」
715	ツキヨはまず落としたものを拾い上げて確認すると、ほっと息を付いた。
718	【ツキヨ】「よかったです、壊れてないです。落ちたら壊れるものもあるです。今度からあぁいうことは寝室でしてくださいです」
720	俺の方がツキヨに叱られてしまう。
722	俺の助手をするようになってから、すっかりしっかりしたもんだ。
724	「まぁまぁたまには気分が変わっていいじゃないか」
727	【ツキヨ】「この部屋にあるものは安くないです。気をつけてくださいです」
735	俺に小言を言いながらも、ツキヨはせっせと部屋を片付けてくれる。
737	そんなツキヨを見ているとどうにも頬が緩んで仕方がない。
739	「しかし、調査旅行の間中なんて我慢できるかな」
742	【ツキヨ】「ずっと一緒にいるんだから我慢しなくていいです」
744	「他人に聞き耳立てられてると思うと落ち着かないじゃないか」
747	【ツキヨ】「そんなこと言って、先生他人の目なんか気にしたことないです」
749	軽口を叩きながら、俺も一緒になって散らかってしまった部屋を片付ける。
751	「調査でめどがついたら、しばらくはダークエルフの集落を追うため、移動生活になって落ち着かないかもしれないけどいいかな」
754	【ツキヨ】「わかったです。先生と一緒にだったらどんなところに行くのでも平気です」
756	「……それで、ダークエルフの集落が見つかったら――」
758	ツキヨは行ってしまうんだろうか。
760	不安な思いは口に出せなかった。
762	そんな俺に、ツキヨは柔らかな笑みを向けてくれた。
765	【ツキヨ】「行かないです。先生を置いては行かないです。ずっと先生と一緒にいるです」
767	「いいの？　だって、ツキヨははじめから他のダークエルフを探すつもりでいたじゃないか」
770	【ツキヨ】「……エルフの時間は長いです。人間の時間が終わるまでぐらい、たいした時間じゃないです。だから、先生の時が終わるまで一緒にいたいです」
772	「ダークエルフの集落を見つけても、そこに戻る気はないってこと？」
775	【ツキヨ】「集落を見つけても、仲間に入れてもらえるとは限らないです。習性とか文化様式とか、まだ良くわかってないです？」
777	「……それはそうだけど」
780	【ツキヨ】「それに……先生がツキヨのこといらなくなっちゃうとか、先生の時が終わっちゃったら、考えるです」
782	「俺がツキヨのことをいらなくなるってことはないと思うけど」
785	【ツキヨ】「だったら最後まで一緒にいるです。ツキヨの居場所は、先生の傍です。だからできるだけ長く生きてくださいです」
787	「……うん、わかった」
789	俺の返事にツキヨは飛び切り嬉しそうに微笑んだ。
792	【ツキヨ】「約束です。先生は長生きするです。ずっとずっと一緒にいるです」
